,Country,Region-Geo,Continent,Region,Year,Year_cat,AgriculturalLand,BodyMassIndex_M,BodyMassIndex_F,Cellphones,ChildrenPerWoman,CO2Emissions,DemocracyScore,EnergyUsePerPerson,Exports,Femalesaged25to54labourforceparticipationrate,Forestarea,GDPpercapita,Governmenthealthspendingperpersontotal,Hightotechnologyexports,Hourlycompensation,Imports,IncomePerPerson,Incomeshareofpoorest10pct,Incomeshareofrichest10pct,Infantmortality,Inflation,Internetusers,LifeExpectancy,Literacyrateadulttotal,Literacyrateyouthtotal,Longtermunemploymentrate,Medianage,MedicalDoctors,Murder,Murderedmen,Murderedwomen,Oilconsumptionperperson,Populationgrowth,Populationtotal,Populationdensity,Poverty,Ratioofgirlstoboysinprimaryandsecondaryeducation,Renewablewater,Residentialelectricityuseperperson,Suicideage15to29,Taxrevenue,Teenfertilityrate,TotalGDPUS,TotalhealthspendingperpersonUS,Tradebalance,Trafficdeaths,UrbanpopulationTotal,Urbanpopulationgrowth,YearlyCO2emission,RankTotalGDPUS,RankAgriculturalLand,RankChildrenPerWoman,RankDemocracyScore,RankExports,RankImports,RankIncomePerPerson,RankLifeExpectancy,RankPopulationdensity,RankYearlyCO2emission,TotalRankValue,AverageRanking
0,Afghanistan,Asia - Southern,Asia,South Asia,1984,[1984],58.34444904,21.42734,20.60867,0.0,7.676,0.21889208300000002,-10.0,,,31.20000076,,,,,,,2983.713732,,,148.8,,,43.661,,,,,,,,,,2.31768067,12931791.0,19.831,,47.99,,,,,,,,,,16.6686,3.792672942,2830.666667,0.0,33.0,183.0,151.0,0.0,0.0,153.0,178.0,150.0,77.0,925.0,154.16666666666666
1,Albania,Europe - Southern,Europe,Europe & Central Asia,1984,[1984],40.62043796,25.27901,25.223589999999998,0.0,3.2969999999999997,2.7065568460000002,-9.0,1.022991667,17.41308265,80.5,,1065.235347,,,,19.37734691,11018.60262,,,43.9,-0.028354135,,71.14399999999999,,,,,1.4065999980000001,,,,,2.073296525,2891004.0,100.564,,97.87899999999999,,,,,,3079599649.0,,-1.9642642609999998,,34.8188,2.834975431,7824.666667,85.0,80.0,72.0,144.0,93.0,24.0,88.0,46.0,67.0,95.0,794.0,88.22222222222223
2,Algeria,Africa - Northern,Africa,Middle East & North Africa,1984,[1984],16.63069856,22.60633,24.1363,0.0,6.192,3.317148065,-9.0,0.7932072259999999,25.71001618,20.89999962,,2008.4721760000002,,,,27.46636749,17959.62611,,,67.9,8.433505552,,63.16,,,,,0.42710000299999995,,,,0.362057325,3.1773721760000004,21433070.0,8.999,,75.351,,95.60988739,,,,43047724737.0,,-1.75635131,,47.0828,5.075362694,71096.66667,39.0,129.0,138.0,144.0,71.0,48.0,67.0,109.0,175.0,134.0,1054.0,117.11111111111111
3,American Samoa,Oceania,Oceania,East Asia & Pacific,1984,[1984],20.0,,,0.0,,,,,,,,,,,,,19264.04838,,,,,,,,,,,0.772300005,,,,,4.0677244660000005,37706.0,189.477,,,,,,,,,,,,77.0756,4.96226781,,0.0,120.0,0.0,0.0,0.0,0.0,62.0,0.0,39.0,0.0,221.0,110.5
4,Andorra,Europe - Southern,Europe,Europe & Central Asia,1984,[1984],42.55319149,25.81874,25.70584,0.0,,,,,,,,14554.762840000001,,,,,77460.89591,,,,10.86473362,,,,,,,,,,,,4.625956288,45702.0,97.654,,,,,,,,665181771.4,,,,94.54,5.2828584869999995,,120.0,74.0,0.0,0.0,0.0,0.0,5.0,0.0,71.0,0.0,270.0,90.0
5,Angola,Africa - Central,Africa,Sub-Saharan Africa,1984,[1984],46.04154969,20.93569,20.3411,0.0,7.207000000000001,0.570031301,-7.0,0.535443989,,78.09999847,,,,,,,7582.403742,,,129.9,,,40.671,,,,,0.0594,,,,,3.414665564,8786652.0,7.047999999999999,,,,47.18808042,,,,,,,,29.13,7.650031804,5008.666667,0.0,64.0,177.0,122.0,0.0,0.0,114.0,183.0,181.0,87.0,928.0,154.66666666666666
6,Anguilla,America - Central,Central and South America,America,1984,[1984],,,,,,,,,,,,,,,,,24790.94136,,,,,,,95.40709812,99.11373708,,,,,,,,,6551.0,71.98899999999999,,,,,,,,,,,,,,,0.0,0.0,0.0,0.0,0.0,0.0,51.0,0.0,92.0,0.0,143.0,71.5
7,Antigua and Barbuda,America - Central,Central and South America,America,1984,[1984],29.54545455,23.635839999999998,24.70423,0.0,2.0980000000000003,2.1988675840000003,,,74.74385246,,,5850.656114,,,,85.00469945,21072.334219999997,,,,3.1454827219999997,,69.931,,,,,,,,,,-1.622424857,66701.0,150.907,,,,,,,,390244613.4,,-10.26084699,,34.9404,-1.391479857,146.66666669999998,126.0,102.0,35.0,0.0,5.0,125.0,58.0,64.0,49.0,21.0,585.0,73.125
8,Argentina,America - South,Central and South America,America,1984,[1984],46.96074455,25.61271,24.27477,0.0,3.123,3.562338312,8.0,1.4491488769999998,7.589895312,33.09999847,,6751.820111,,,,4.756486117,27904.65708,,,30.1,606.7359412000001,,70.439,,,,,2.683300018,5.018478,8.126039,1.9718490000000002,0.704119765,1.522480584,29899743.0,10.754000000000001,,102.69200000000001,,316.8361995,4.576219,,,202000000000.0,,2.8334091939999997,11.574860000000001,84.6078,2.032241418,106513.0,14.0,61.0,69.0,34.0,123.0,1.0,41.0,59.0,167.0,141.0,710.0,78.88888888888889
9,Armenia,Asia - Western,Asia,Europe & Central Asia,1984,[1984],,24.00181,26.01453,0.0,2.441,,-7.0,,,88.80000305,,,,,,,8626.164485,,,52.9,,,70.149,,,,,3.50090003,,,,,1.4824074859999998,3287588.0,110.322,,,,,,,,,,,,66.882,1.793887566,,0.0,0.0,54.0,122.0,0.0,0.0,105.0,62.0,61.0,0.0,404.0,101.0
10,Aruba,America - Central,Central and South America,America,1984,[1984],11.11111111,,,0.0,2.342,,,,,,,,,,,,37769.1644,,,,,,73.071,,,,,,,,,,0.999680433,62833.0,349.07199999999995,,,,,,,,,,,,50.4104,0.9691358459999999,,0.0,141.0,52.0,0.0,0.0,0.0,29.0,34.0,16.0,0.0,272.0,68.0
11,Australia,Oceania,Oceania,East Asia & Pacific,1984,[1984],61.57517931,25.228939999999998,24.11415,0.0,1.84,15.19620007,10.0,4.651519236,13.55258234,55.29999924,,15027.66949,,,9.800000191,14.92303121,60885.75881,,,9.6,7.837041813,,76.02,,,2.799999952,,1.8,2.0061139999999997,2.458567,1.5255530000000002,1.830879603,1.132221774,15567927.0,2.011,,,,2135.575677,13.18387,,23.2,232000000000.0,,-1.474383971,18.100620000000003,85.52,1.062087418,236573.3333,13.0,26.0,23.0,23.0,102.0,16.0,8.0,9.0,197.0,150.0,567.0,63.0
12,Austria,Europe - Western,Europe,Europe & Central Asia,1984,[1984],42.54699818,25.02208,24.06105,0.0,1.5219999999999998,7.22362896,10.0,2.95368815,34.02233845,58.59999847,,16375.10914,,,7.349999905,34.79857526,67010.83859,,,11.3,4.9501088,,73.79,,,,,1.8,1.7252610000000002,2.047148,1.4578010000000001,1.30049689,-0.0062949040000000005,7550960.0,90.045,,92.705,,1037.764609,20.8776,,25.996,124000000000.0,,-0.835091072,22.1333,65.531,0.047129200999999996,54545.333329999994,21.0,75.0,7.0,23.0,51.0,69.0,6.0,29.0,77.0,129.0,487.0,54.111111111111114
13,Azerbaijan,Asia - Western,Asia,Europe & Central Asia,1984,[1984],,24.64121,26.415909999999997,0.0,2.98,,-7.0,,,87.80000305,,,,,,,9281.555824,,,79.6,,,65.499,,,,,,,,,,1.566370993,6565062.0,75.809,,,,,,,,,,,,53.3538,1.8370082669999999,,0.0,0.0,64.0,122.0,0.0,0.0,98.0,99.0,85.0,0.0,468.0,117.0
14,Bahamas,America - Central,Central and South America,America,1984,[1984],1.098901099,24.66558,26.338209999999997,0.0,2.9189999999999996,8.07021054,,,63.588261800000005,73.80000305,,18841.51612,,,,58.30679287,42848.27602,,,24.3,3.1714352189999997,,69.438,,,,,0.943199992,,,,,2.117085897,229899.0,16.566,,,,,,,,4331645714.0,,5.281468929,,75.9596,3.062036475,1855.3333329999998,78.0,163.0,63.0,0.0,11.0,103.0,21.0,72.0,157.0,69.0,737.0,92.125
15,Bahrain,Asia - Western,Asia,Middle East & North Africa,1984,[1984],11.5942029,24.431739999999998,25.6136,0.0,4.4719999999999995,22.74293591,-10.0,8.880986787000001,96.48621034,25.0,,9619.930978,,,,93.84405843,39660.12438,,,22.0,-0.418480511,,70.965,,,,,,,,,,2.6697689380000003,404829.0,583.327,,93.73,,2782.891433,,,,3894427038.0,,2.642151913,,86.9442,2.91251769,9207.0,83.0,140.0,101.0,151.0,3.0,129.0,26.0,50.0,11.0,100.0,794.0,88.22222222222223
16,Bangladesh,Asia - Southern,Asia,South Asia,1984,[1984],77.28355228,20.36524,18.57151,0.0,5.71,0.101556559,-7.0,0.104744473,3.279997223,61.40000153,,264.82342459999995,,,,12.95624424,1427.731516,,,121.0,14.04688355,,56.861000000000004,,,,,,,,,0.017678144,2.6722280069999997,89828434.0,623.817,90.46,62.001000000000005,,5.574101966000001,,,,23788673522.0,,-9.676247022,,16.967,5.83968334,9122.666667,50.0,7.0,126.0,122.0,127.0,13.0,186.0,137.0,8.0,99.0,875.0,97.22222222222223
17,Barbados,America - Central,Central and South America,America,1984,[1984],44.18604651,24.59913,26.99588,0.0,1.858,2.953673137,,,71.92982856,76.59999847,,7353.519251000001,,,,67.18343399,26006.54684,,,19.7,5.448014762000001,,69.54,,,,,0.890699983,,,,,0.485690529,253244.0,588.94,,102.101,,,,,,1862234629.0,,4.746394566,,36.6964,-1.4610964130000001,748.0,97.0,70.0,25.0,0.0,6.0,114.0,46.0,70.0,10.0,50.0,488.0,61.0
18,Belarus,Europe - Eastern,Europe,Europe & Central Asia,1984,[1984],,24.9164,26.17109,0.0,2.099,,-7.0,,,94.09999847,,,,,,,12399.95856,,,16.5,,,70.65,,,,,,,,,,0.6783805270000001,9931687.0,47.84,,,,,,,33.074,,,,,60.766000000000005,2.449895788,,0.0,0.0,36.0,122.0,0.0,0.0,81.0,56.0,111.0,0.0,406.0,101.5
19,Belgium,Europe - Western,Europe,Europe & Central Asia,1984,[1984],,25.21949,24.9503,0.0,1.571,10.71709981,10.0,4.335818475,70.030404,56.70000076,,16013.871030000002,,,7.980000018999999,69.67280616,42997.87603,,,10.2,5.438717464,,74.43,,,8.0,,2.7,1.670277,1.8330799999999998,1.506577,,-0.0015017079999999998,9835279.0,322.172,,101.37100000000001,,1486.3714220000002,14.60331,,14.11,158000000000.0,,0.357484959,18.75999,95.8202,0.11315361300000001,105405.6667,18.0,0.0,9.0,23.0,7.0,117.0,19.0,21.0,19.0,140.0,373.0,46.625
20,Belize,America - Central,Central and South America,America,1984,[1984],4.252520823999999,24.81656,26.270329999999998,0.0,5.17,1.070453214,,,62.44665718,21.29999924,,1798.958544,,,,70.15173068,7075.9533200000005,,,47.9,9.444440341,,70.865,,,,,0.27189999800000003,,,,,3.133109549,160991.0,7.01,,,,,,,,291512608.0,,-7.705073495,,48.61,2.740956407,172.33333330000002,128.0,154.0,115.0,0.0,12.0,119.0,118.0,52.0,182.0,23.0,903.0,112.875
21,Benin,Africa - Western,Africa,Sub-Saharan Africa,1984,[1984],19.07430844,20.960539999999998,21.27736,0.0,6.994,0.12745130699999999,-7.0,0.365284548,19.57937532,42.79999924,,312.4100267,,,,30.93192817,2487.640113,,,120.9,1.9535809569999998,,49.352,,,,,,,,,,2.762476367,4027682.0,35.763000000000005,,,,15.79907709,,,,1258288241.0,,-11.35255285,,30.1046,5.0859194489999995,513.3333333,105.0,124.0,168.0,122.0,89.0,56.0,160.0,160.0,126.0,38.0,1148.0,127.55555555555556
22,Bermuda,America - North,North America,America,1984,[1984],20.0,25.56404,27.99515,0.0,,7.723867389,,,,,,42006.57456,,,,,91293.04491,,,,10.29655249,,,,,,,,,,,,0.722024752,57441.0,1083.792,,,,,,,,2335565546.0,,,,100.0,0.722024797,443.66666669999995,92.0,120.0,0.0,0.0,0.0,0.0,2.0,0.0,6.0,34.0,254.0,63.5
23,Bhutan,Asia - Southern,Asia,South Asia,1984,[1984],9.446808511,21.7664,20.45975,0.0,6.362,0.10765180699999999,-10.0,,12.93080412,33.40000153,,302.56742149999997,,,,47.359113799999996,2071.200911,,,114.7,8.238537015,,47.92,,,,,,,,,,2.5519688940000003,476846.0,10.146,,46.74,,,,,,143885322.5,,-33.78973635,,12.3792,7.196431212999999,51.33333333,136.0,143.0,146.0,151.0,107.0,87.0,168.0,166.0,171.0,11.0,1286.0,142.88888888888889
24,Bolivia,America - South,Central and South America,America,1984,[1984],32.04744761,23.1075,23.885,0.0,5.189,0.692984767,8.0,0.437740275,23.65486385,46.0,,906.9457718,,,,25.8198699,5890.958731000001,,,101.2,1443.397382,,55.016000000000005,,,,,0.69749999,,,,,2.118577416,5830816.0,5.308,,,,79.88695117,,,,5288233917.0,,-2.16500605,,49.5054,4.187281721000001,4040.666667,74.0,97.0,116.0,34.0,79.0,43.0,126.0,144.0,187.0,85.0,985.0,109.44444444444444
25,Bosnia and Herzegovina,Europe - Southern,Europe,Europe & Central Asia,1984,[1984],,25.39811,25.20226,0.0,1.973,,-5.0,,,88.59999847,,,,,,,8440.789081,,,25.7,,,71.774,,,,,1.280300021,,,,,1.116410298,4066739.0,79.433,,,,,,,,,,,,37.1798,2.223109319,,0.0,0.0,28.0,63.0,0.0,0.0,107.0,39.0,83.0,0.0,320.0,80.0
26,Botswana,America - South,Africa,Sub-Saharan Africa,1984,[1984],45.88781254,19.7227,23.71698,0.0,5.731,0.9131087459999999,6.0,0.731353795,60.81127215,48.09999847,,1509.20752,,,,57.96219857,10900.87365,,,45.2,15.42698523,,62.762,,,,,,,,,,3.3442406030000003,1144442.0,1.9669999999999999,,112.75200000000001,,38.36877651,,,,1727138046.0,,2.8490735860000003,,24.675,12.01333038,1045.0,100.0,67.0,128.0,42.0,14.0,101.0,91.0,112.0,198.0,57.0,910.0,101.11111111111111
27,Brazil,America - South,Central and South America,America,1984,[1984],27.17964116,22.9789,24.26384,0.0,3.5869999999999997,1.2654909109999999,-3.0,0.9082017640000001,13.54758492,37.59999847,,3154.965632,,,,7.924387293,13780.507,1.16,46.61,64.0,212.78578169999997,,64.081,,,,,0.926699996,16.0748,29.50028,2.7968990000000002,0.408287013,2.214394193,133380123.0,15.665999999999999,30.64,,,229.75886569999997,4.218064,,,421000000000.0,,5.623197625,19.0379,68.9832,3.496511668,168791.3333,8.0,104.0,80.0,57.0,103.0,3.0,79.0,105.0,161.0,147.0,847.0,94.11111111111111
28,British Virgin Islands,America - Central,Central and South America,America,1984,[1984],,23.97016,25.200229999999998,,,2.589657067,,,,,,,,,,,8866.970828,,,,,,,,,,,,,,,,,12743.0,84.391,,,,,,,,,,,,,,33.0,0.0,0.0,0.0,0.0,0.0,0.0,103.0,0.0,79.0,6.0,188.0,62.666666666666664
29,Brunei,Asia - South Eastern,Asia,East Asia & Pacific,1984,[1984],2.2770398480000003,23.37014,22.98986,0.0,3.843,9.003045356,,7.982864011,,40.40000153,,22844.52382,,,,,119309.6927,,,11.4,-1.27417168,,71.898,,,,,0.533800006,,,,,2.79935637,213002.0,36.946999999999996,,101.12100000000001,,1004.790769,,,,4865929264.0,,,,61.7796,3.56694854,1917.6666670000002,76.0,160.0,86.0,0.0,0.0,0.0,1.0,38.0,123.0,70.0,554.0,92.33333333333333
30,Bulgaria,Europe - Eastern,Europe,Europe & Central Asia,1984,[1984],55.78956883,25.5058,25.630370000000003,0.0,2.015,9.756090115,-7.0,3.387274223,40.13116139,93.30000305,,1469.146444,,,,38.24614967,16603.95931,,,20.7,2.736752057,,71.35,,,,,2.758500099,2.978453,4.4659260000000005,1.514471,1.247119241,0.23397231,8954236.0,80.733,,99.91799999999999,,1057.953989,9.304911,,80.07,13161315818.0,,1.8850117240000002,12.44767,64.092,1.014014797,87358.33333,53.0,46.0,30.0,122.0,38.0,79.0,69.0,43.0,82.0,136.0,698.0,77.55555555555556
31,Burkina Faso,Africa - Western,Africa,Sub-Saharan Africa,1984,[1984],32.83991228,20.14327,19.640179999999997,0.0,7.159,0.058478732,-7.0,,10.96091363,80.69999695,,155.6079769,,,,28.75779204,1541.050395,,,110.2,6.501085279,,48.992,,,,,,,,,,2.532370385,7963009.0,29.061999999999998,,58.905,,,,,,1239107721.0,,-17.79687842,,11.6282,8.794115988,465.66666669999995,106.0,93.0,175.0,122.0,114.0,52.0,180.0,163.0,138.0,36.0,1179.0,131.0
32,Burundi,Africa - Eastern,Africa,Sub-Saharan Africa,1984,[1984],83.72274143,21.12775,19.53371,0.0,7.492000000000001,0.046857710999999996,-7.0,,11.50400691,95.30000305,,161.81153909999998,,,,23.55230979,1099.3803890000002,,,110.2,17.21619498,,48.52,,,,,0.0469,,,,,3.3041700539999996,4695065.0,168.68099999999998,,65.196,,,,,,759715693.9,,-12.04830288,,5.0446,6.863580586,220.0,119.0,2.0,181.0,122.0,112.0,36.0,198.0,165.0,45.0,28.0,1008.0,112.0
33,Cambodia,Asia - South Eastern,Asia,East Asia & Pacific,1984,[1984],15.24473148,19.748520000000003,19.7497,0.0,6.2,0.054248649,-3.0,,,84.19999695,,,,,,,1198.009559,,,88.0,,,50.841,,,,,,,,,,4.84831142,7570081.0,41.816,,,,,,,,,,,,12.9392,12.82308961,410.6666667,0.0,133.0,139.0,57.0,0.0,0.0,196.0,156.0,116.0,32.0,829.0,138.16666666666666
34,Cameroon,Africa - Central,Africa,Sub-Saharan Africa,1984,[1984],19.27185801,22.118479999999998,22.046210000000002,0.0,6.707999999999999,0.592809145,-8.0,0.41997164600000003,33.478594199999996,65.30000305,,826.8077331000001,,,,30.99342605,5150.69893,,,94.9,13.55219179,,52.623999999999995,,,,,,,,,,2.860897799,10218016.0,21.491999999999997,,79.653,,26.5965859,,,,9164848021.0,,2.485168147,,35.3698,5.328773705,6057.333333,61.0,123.0,155.0,134.0,53.0,57.0,134.0,153.0,148.0,91.0,1109.0,123.22222222222223
35,Canada,America - North,North America,America,1984,[1984],7.373500442,25.57519,24.50234,0.0,1.624,15.923864000000002,10.0,7.342138316000001,28.63971422,66.69999695,,17516.239990000002,,,11.40999985,25.11510692,48863.69775,,,8.3,3.2795537360000004,,76.43,,,1.299999952,,1.9,2.2401560000000003,3.0684080000000002,1.42474,2.7884956489999997,0.961733829,25538860.0,2.5610000000000004,,98.79299999999999,,3910.2742590000003,16.09591,,,450000000000.0,,3.5246073019999997,15.179570000000002,76.2158,1.1432256570000001,406677.3333,7.0,152.0,11.0,23.0,63.0,41.0,14.0,6.0,193.0,156.0,666.0,74.0
36,Cayman Islands,America - Central,Central and South America,America,1984,[1984],8.333333332999999,,,0.0,,9.656098317,,,,,,,,,,,78360.0424,,,,,,,,,,,,,,,,3.488848118,19366.0,73.35600000000001,,,,,,,,,,,,100.0,3.488848118,187.0,0.0,148.0,0.0,0.0,0.0,0.0,4.0,0.0,91.0,26.0,269.0,89.66666666666667
37,Central African Republic,America - Central,Central and South America,Sub-Saharan Africa,1984,[1984],7.9970464539999995,20.92022,20.10716,,5.952000000000001,,-7.0,,,76.19999695,,,,,,35.50167739,1817.2970510000002,,,,,,48.742,,,,,,,,,,,2557808.0,,,,,,,,,,,-12.10768311,,,,,0.0,149.0,132.0,122.0,0.0,71.0,171.0,164.0,0.0,0.0,809.0,134.83333333333334
38,Chad,Africa - Central,Africa,Sub-Saharan Africa,1984,[1984],38.23856417,20.27327,19.3374,0.0,7.0889999999999995,0.043169604,-4.0,,18.01780726,39.79999924,,166.72075619999998,,,,24.05303153,1792.6423120000002,,,119.9,24.06635311,,45.711000000000006,,,,,,,,,,2.5941820559999997,5011242.0,3.903,,,,,,,,835478056.0,,-6.035224272000001,,19.5806,3.61259816,216.33333330000002,117.0,85.0,171.0,58.0,91.0,38.0,172.0,173.0,190.0,27.0,1122.0,124.66666666666667
39,Channel Islands,Europe - Northern,Europe,Europe & Central Asia,1984,[1984],42.10526316,,,,1.4340000000000002,,,,,,,,,,,,,,,,,,74.3,,,,,,,,,,0.9511173690000001,132156.0,677.7230000000001,,,,,,,,,,,,31.9074,0.71508732,,0.0,77.0,2.0,0.0,0.0,0.0,0.0,22.0,7.0,0.0,108.0,27.0
40,Chile,America - South,Central and South America,America,1984,[1984],22.19143814,24.73825,24.476010000000002,0.0,2.655,1.864095372,-6.0,0.806580497,24.23391277,39.70000076,,2290.183269,,,,25.342655399999998,10142.63169,,,19.5,12.61234173,,71.40100000000001,,,,,0.8167999979999999,3.5285699999999998,6.50393,0.7115545999999999,0.39770950899999996,1.640387513,11908189.0,15.739,,99.715,,138.1661903,8.117146,,,27271935216.0,,-1.108742623,8.163350999999999,82.3478,1.976357915,22198.0,47.0,115.0,59.0,73.0,76.0,42.0,93.0,42.0,160.0,110.0,817.0,90.77777777777777
41,China,Asia - Eastern,Asia,East Asia & Pacific,1984,[1984],51.34335111,21.643629999999998,21.96185,0.0,2.7689999999999997,1.744278059,-7.0,0.6513542760000001,10.41128712,82.69999695,,258.7202307,,,,10.39031072,3583.8497740000003,,,42.0,4.9362075910000005,,68.1,,,,,1.330000043,,,,0.081333301,1.312068761,1040397958.0,108.40899999999999,92.91,79.087,,15.34768529,,,24.8,268000000000.0,,0.020976401000000002,,22.1708,4.535197363,1814743.333,11.0,52.0,62.0,122.0,117.0,7.0,148.0,85.0,62.0,162.0,828.0,92.0
42,Colombia,America - South,Central and South America,America,1984,[1984],40.87967553,22.451810000000002,23.948179999999997,0.0,3.525,1.6681349580000002,8.0,0.670614708,11.87579493,53.5,,2003.9920129999998,,,,12.47217738,8941.10028,,,35.7,22.17500486,,67.311,,,,,0.758400023,36.87381,68.40948,5.327349,0.26267446,2.1697525719999997,29359535.0,25.779,,101.76100000000001,,303.8656062,6.582634,,,58836273631.0,,-0.5963824529999999,19.899520000000003,64.8834,3.239828372,48975.66667,32.0,78.0,79.0,34.0,111.0,11.0,102.0,90.0,143.0,127.0,807.0,89.66666666666667
43,Comoros,Africa - Eastern,Africa,Sub-Saharan Africa,1984,[1984],64.51612903,21.10763,21.01693,0.0,6.766,0.12716129699999998,-6.0,,9.018906391,72.09999847,,436.23452580000003,,,,55.53568272,2582.1751679999998,,,104.1,6.159892419,,53.625,,,,,0.08389999699999999,,,,,3.003972095,374852.0,201.425,,,,,,,,163524143.1,,-46.51677633,,25.0182,4.822292013,47.66666667,134.0,20.0,158.0,73.0,118.0,98.0,157.0,150.0,38.0,9.0,955.0,106.11111111111111
44,Cook Islands,Oceania,Oceania,East Asia & Pacific,1984,[1984],,,,,,1.246317698,,,,,,,,,,,,,,23.5,,,,,,,,,,,,,,,74.797,,,,,,,,,,,,,,22.0,0.0,0.0,0.0,0.0,0.0,0.0,0.0,0.0,90.0,2.0,92.0,46.0
45,Costa Rica,America - Central,Central and South America,America,1984,[1984],53.81903643,23.947,23.79899,0.0,3.491,0.76439697,10.0,0.607973936,29.00421722,37.59999847,,2824.580879,,,,29.03058101,11016.14186,,,18.8,17.88360692,,74.23100000000001,92.62904202,97.14819395,0.8999999759999999,,0.989600003,5.210166,8.839482,1.648567,,2.768063546,2619058.0,51.254,,101.069,,614.7124458,6.048057,,,7397741148.0,,-0.026363794,15.732420000000001,45.0702,3.8674905560000004,2002.0,67.0,49.0,77.0,23.0,61.0,53.0,89.0,23.0,105.0,72.0,619.0,68.77777777777777
46,Cote d'Ivoire,Africa - Western,Africa,Sub-Saharan Africa,1984,[1984],56.29245283,21.310129999999997,21.58632,0.0,7.138999999999999,0.5356471279999999,-9.0,0.51323799,45.3119277,47.90000153,,742.6592873,,,,31.79127049,4500.52964,,,106.4,17.90989589,,52.21,,,,,,,,,,4.1018058139999996,10089976.0,31.29,,64.53,,47.73371524,,,,7493375175.0,,13.520657199999999,,37.6938,4.677026167,5404.666667,66.0,42.0,174.0,144.0,31.0,58.0,139.0,154.0,131.0,89.0,1028.0,114.22222222222223
47,Croatia,Europe - Southern,Europe,Europe & Central Asia,1984,[1984],,25.410729999999997,25.14873,0.0,1.943,,-5.0,,,77.5,,,,,,,27044.601769999997,,,17.0,,,71.07,,,,,1.880300045,,,,,0.449727681,4457579.0,78.842,,,,,,,,,,,,51.845,1.313705809,,0.0,0.0,27.0,63.0,0.0,0.0,43.0,48.0,84.0,0.0,265.0,66.25
48,Cuba,America - Central,Central and South America,America,1984,[1984],57.18808194,23.07165,24.32081,0.0,1.8319999999999999,3.259514092,-7.0,1.572682872,32.30559705,46.0,,3508.5439590000005,,,,44.10863146,15291.21264,,,15.6,2.5843899219999997,,74.435,,,,,1.8861000540000001,,,,,0.526771313,10001593.0,90.21700000000001,,99.43799999999999,,248.98545919999998,,,,35091028699.0,,-11.80303441,,70.3676,1.333511519,32600.33333,43.0,39.0,22.0,122.0,55.0,82.0,73.0,20.0,76.0,117.0,649.0,72.11111111111111
49,Cyprus,Asia - Western,Asia,Europe & Central Asia,1984,[1984],18.72294372,25.543870000000002,24.1944,0.0,2.4530000000000003,4.561118898,10.0,1.327093562,54.65828959,51.20000076,,7893.657975,,,,67.10034074,26037.41785,,,13.4,8.181918685,,75.541,,,,,,,,,,0.522442004,697782.0,75.428,,,,365.7479606,,,,4222775483.0,,-12.44205115,,63.4652,2.45190554,3182.666667,80.0,125.0,55.0,23.0,24.0,113.0,45.0,11.0,87.0,79.0,642.0,71.33333333333333
50,Czech Republic,Europe - Eastern,Europe,Europe & Central Asia,1984,[1984],,26.499579999999998,26.787159999999997,,1.99,,-7.0,,,88.19999695,,,,,,,31801.84622,,,,,,70.99,,,,,,,,,1.050107952,,10301798.0,,,,,729.2840916,,,54.248000000000005,,,,,,,,0.0,0.0,29.0,122.0,0.0,0.0,35.0,49.0,0.0,0.0,235.0,58.75
51,Denmark,Europe - Northern,Europe,Europe & Central Asia,1984,[1984],67.3666824,24.58269,23.590339999999998,0.598184802,1.4,9.890119056,10.0,3.353461203,37.32908167,82.69999695,,21692.26082,,,7.980000018999999,36.63026766,45202.82002,,,8.0,5.983422008,,74.65,,,2.900000095,,2.3,1.0646440000000001,1.101,1.0204440000000001,2.025422463,-0.052376727000000005,5115476.0,118.705,,99.221,,1655.742175,14.00983,,10.1,111000000000.0,,0.6988140070000001,12.05005,84.2254,0.096858234,50592.66667,22.0,15.0,1.0,23.0,45.0,75.0,18.0,18.0,54.0,128.0,399.0,39.9
52,Djibouti,Africa - Eastern,Africa,Middle East & North Africa,1984,[1984],56.12597066,21.5751,22.30462,0.0,6.239,0.925229812,-8.0,,,69.80000305,,,,,,,6189.965147999999,,,104.4,,,55.174,,,,,0.238499999,,,,,3.177613922,384409.0,16.569000000000003,,69.59899999999999,,,,,,,,,,74.124,3.86395284,355.6666667,0.0,45.0,142.0,134.0,0.0,0.0,124.0,143.0,156.0,30.0,774.0,129.0
53,Dominica,America - Central,Central and South America,America,1984,[1984],25.33333333,22.57613,25.53941,0.0,,0.592896028,,,35.6156478,,,2867.856057,,,,68.38699040000002,9800.367818,,,13.8,6.6282001379999995,,,,,,,0.33860001,,,,,-0.718321552,74212.0,98.818,,110.31299999999999,,,,,,212829333.7,,-32.77134259,,65.51899999999999,0.089277599,44.0,131.0,111.0,0.0,0.0,48.0,115.0,95.0,0.0,70.0,8.0,578.0,96.33333333333333
54,Dominican Republic,America - Central,Central and South America,America,1984,[1984],54.42880795,23.12295,23.220589999999998,,3.978,,6.0,,,33.29999924,,,,,,32.84480775,5730.1770369999995,,,,,,64.706,,,,,,,,,,,6341950.0,,,,,219.88025730000004,,,,,,-4.636800858,,,,,0.0,47.0,90.0,42.0,0.0,63.0,129.0,104.0,0.0,0.0,475.0,79.16666666666667
55,East Germany,Europe - Eastern,Europe,Europe & Central Asia,1984,[1984],,,,,,19.90532026,-9.0,,,,,,,,,,,,,10.0,,,,,,,,,,,,,,,,,,,,,,,,,,11.435830000000001,,,326084.0,0.0,0.0,0.0,144.0,0.0,0.0,0.0,0.0,0.0,153.0,297.0,148.5
56,Ecuador,America - South,Central and South America,America,1984,[1984],26.20647305,23.98012,25.1183,0.0,4.306,2.3992963940000003,8.0,0.644336884,25.75344886,26.70000076,,1277.740533,,,,23.31078017,13937.876540000001,,,56.5,-1.9893999130000002,,65.44800000000001,,,,,1.244300008,,,,0.377463914,2.622296334,8859125.0,31.241999999999997,,100.27600000000001,,151.5144538,,,,11319663104.0,,2.442668687,,50.3642,4.326022856,21255.66667,55.0,109.0,95.0,34.0,70.0,35.0,78.0,100.0,132.0,109.0,817.0,90.77777777777777
57,Egypt,Africa - Northern,Africa,Middle East & North Africa,1984,[1984],2.504394997,24.63365,26.20682,0.0,5.122999999999999,1.290779736,-6.0,0.480419794,22.35124787,22.39999962,,1011.7385619999999,,,,35.8125169,7534.1285370000005,,,88.5,11.15999216,,61.123999999999995,,,,,,,,,0.41413013600000004,2.407794214,49453054.0,49.382,,70.954,,159.92528430000002,,,,50033561717.0,,-13.46126903,,43.922,2.444229064,63833.0,35.0,158.0,111.0,73.0,82.0,73.0,116.0,117.0,107.0,132.0,1004.0,111.55555555555556
58,El Salvador,America - Central,Central and South America,America,1984,[1984],65.00965251,23.99645,24.162679999999998,0.0,4.609,0.325701653,6.0,0.559286928,21.75413985,55.59999847,,1523.853512,,,,28.53653526,8227.600261,,,62.8,3.052361892,,58.527,,,,,0.35170000799999995,,,,,1.332780885,4930893.0,234.347,,99.166,,100.5056377,,,,7513958617.0,,-6.782395403,,46.1204,2.45702031,1606.0,65.0,19.0,103.0,42.0,86.0,51.0,110.0,131.0,26.0,65.0,698.0,77.55555555555556
59,Equatorial Guinea,Africa - Central,Africa,Sub-Saharan Africa,1984,[1984],11.90730838,21.156670000000002,20.43541,0.0,5.8260000000000005,0.274655744,-7.0,,,43.20000076,,,,,,,2207.282393,,,139.1,,,44.428999999999995,,,,,,,,,,7.596270069,293701.0,10.47,,,,,,,,,,,,29.5264,9.006953908,80.66666667,0.0,138.0,131.0,122.0,0.0,0.0,164.0,176.0,169.0,16.0,916.0,152.66666666666666
60,Eritrea,Africa - Eastern,Africa,Middle East & North Africa,1984,[1984],,20.11151,18.926370000000002,0.0,6.591,,,,,55.79999924,,,,,,,1027.872477,,,106.9,,,44.56100000000001,,,,,,,,,,2.489602464,2735121.0,23.258000000000003,,,,,,,,,,,,15.0552,3.6440164389999996,,0.0,0.0,153.0,0.0,0.0,0.0,201.0,174.0,146.0,0.0,674.0,224.66666666666666
61,Eritrea and Ethiopia,Africa - Eastern,Africa,Middle East & North Africa,1984,[1984],,,,,,,,,,,,,,,,,,,,,,,,,,,,,,,,,,42831710.0,,,,,,,,,,,,,,,,0.0,0.0,0.0,0.0,0.0,0.0,0.0,0.0,0.0,0.0,0.0,-0.0
62,Estonia,Europe - Northern,Europe,Europe & Central Asia,1984,[1984],,24.71732,25.72062,0.0,2.166,,-7.0,,,87.59999847,,,,,,,19562.447940000002,,,19.6,,,69.65,,,,,,,,,,0.652187283,1513617.0,33.561,,,,,,,41.821999999999996,,,,,70.5558,0.95197374,,0.0,0.0,43.0,122.0,0.0,0.0,60.0,68.0,128.0,0.0,421.0,105.25
63,Ethiopia,Africa - Eastern,Africa,Sub-Saharan Africa,1984,[1984],,19.57007,18.98441,0.0,7.437,0.041859368,-8.0,0.30288423,7.615467101,61.70000076,,136.1884244,,,,13.88833685,1131.6336199999998,,,133.3,-2.7338791369999997,,44.175,,,,,0.0127,,,,,3.2384781780000003,39768079.0,36.012,,59.236999999999995,,4.8920237680000005,,,,5461892870.0,,-6.272869751,,11.2444,5.111047504,1664.666667,73.0,0.0,180.0,134.0,122.0,14.0,197.0,177.0,125.0,66.0,1088.0,136.0
64,Faeroe Islands,Europe - Northern,Europe,Europe & Central Asia,1984,[1984],2.158273381,,,0.0,,11.10121698,,,,,,,,,,,,,,,,,,,,,,,,,,,1.2454800129999999,44920.0,32.109,,,,,,,,,,,,30.85,0.973564786,498.66666669999995,0.0,161.0,0.0,0.0,0.0,0.0,0.0,0.0,130.0,37.0,328.0,164.0
65,Falkland Islands (Malvinas),Europe - Northern,Europe,America,1984,[1984],,,,,,13.88137732,,,,,,,,,,,,,,,,,,,,,,,,,,,,,0.152,,,,,,,,,,,,,,25.66666667,0.0,0.0,0.0,0.0,0.0,0.0,0.0,0.0,204.0,5.0,209.0,104.5
66,Fiji,Oceania,Oceania,East Asia & Pacific,1984,[1984],18.06239737,22.86411,24.368660000000002,0.0,3.693,0.832341091,9.0,,42.82914828,24.39999962,,1730.791377,,,,43.89556402,6378.966999,,,30.5,3.0074997189999997,,64.074,,,,,,,,,,2.160853832,700434.0,38.33,,100.167,,,,,,1212305127.0,,-1.066415745,,38.3722,2.554620922,583.0,108.0,126.0,84.0,27.0,35.0,81.0,122.0,106.0,121.0,41.0,851.0,94.55555555555556
67,Finland,Europe - Northern,Europe,Europe & Central Asia,1984,[1984],7.96808825,25.54429,25.0422,1.0659457890000001,1.7,8.659349263,10.0,4.910523018,29.92160361,84.90000153,,16687.272390000002,,,7.920000076,27.51466373,38775.94195,,,6.1,8.462011986,,74.77,,,0.8999999759999999,,,2.6207849999999997,3.76904,1.616296,2.182309317,0.534342931,4879235.0,14.429,,108.492,,2131.979734,25.316370000000003,,15.2,81463976414.0,,2.406939883,9.711271,74.9918,1.628694841,42251.0,27.0,150.0,14.0,23.0,58.0,49.0,27.0,17.0,164.0,123.0,652.0,65.2
68,France,Europe - Western,Europe,Europe & Central Asia,1984,[1984],57.53099494,24.807479999999998,24.23314,0.0,1.847,7.3707307,8.0,3.446327675,24.3317495,68.09999847,,16265.1401,,,7.25,24.24975494,42977.291710000005,,,8.8,7.094062436000001,,75.37,,,3.299999952,,2.5,1.305615,1.659556,0.956946,1.561924369,0.572554323,54988578.0,99.70700000000001,,,,1453.129306,14.022210000000001,,12.76,917000000000.0,,0.081980551,19.098979999999997,73.5764,0.6726364640000001,405306.0,4.0,36.0,24.0,34.0,75.0,39.0,20.0,12.0,69.0,155.0,468.0,52.0
69,French Guiana,America - South,Central and South America,America,1984,[1984],,,,,3.603,4.308604287,,,,65.30000305,,,,,,,14422.769890000001,,,,,,69.788,,,,,,,,,,,82548.0,0.917,,,,,,,,,,,,,,355.6666667,0.0,0.0,82.0,0.0,0.0,0.0,76.0,65.0,202.0,30.0,455.0,91.0
70,French Polynesia,Oceania,Oceania,East Asia & Pacific,1984,[1984],12.02185792,26.173560000000002,27.144859999999998,0.0,3.7739999999999996,2.704031465,,,,54.79999924,,12236.91491,,,,,41336.03067,,,,12.29898541,,66.87100000000001,,,,,,,,,,2.755614813,169500.0,42.375,,,,,,,,2074157078.0,,,,57.3082,2.716884402,458.33333330000005,95.0,137.0,85.0,0.0,0.0,0.0,24.0,93.0,115.0,35.0,584.0,97.33333333333333
71,Gabon,Africa - Central,Africa,Sub-Saharan Africa,1984,[1984],19.99456669,22.520770000000002,22.3582,0.0,5.712000000000001,7.789406667000001,-9.0,1.9717775309999999,59.09266161,73.59999847,,5400.012659,,,,40.20048837,32387.348589999998,,,66.0,12.01021711,,58.303000000000004,,,,,,,,,,3.062257313,769635.0,2.875,,90.38,,385.2452763,,,,4156016995.0,,18.89217324,,60.858000000000004,5.632048892,5995.0,82.0,121.0,127.0,144.0,17.0,80.0,34.0,132.0,192.0,90.0,1019.0,113.22222222222223
72,Gambia,Africa - Western,Africa,Sub-Saharan Africa,1984,[1984],56.9,20.0646,20.550729999999998,0.0,6.247999999999999,0.234449257,7.0,,51.12494399,73.80000305,,635.8501573,,,,64.78919069,1337.850342,,,93.3,9.00161277,,49.318000000000005,,,,,,,,,,4.189924989,735056.0,65.078,,55.125,,,,,,469624990.3,,-13.6642467,,32.098,7.101232931,172.33333330000002,124.0,40.0,143.0,38.0,27.0,111.0,191.0,161.0,95.0,23.0,953.0,105.88888888888889
73,Georgia,Asia - Western,Asia,Europe & Central Asia,1984,[1984],,24.8093,25.95523,0.0,2.275,,-7.0,,,86.40000153,,2164.703664,,,,,13753.6025,,,,1.267223612,,69.952,,,,,4.471300125,,,,,0.853879671,5239068.0,75.166,,,,,,,,10005693277.0,,,,53.8546,1.4860893430000002,,58.0,0.0,48.0,122.0,0.0,0.0,80.0,63.0,88.0,0.0,459.0,91.8
74,Germany,Europe - Western,Europe,Europe & Central Asia,1984,[1984],52.3701773,25.64293,24.88941,0.0,1.4569999999999999,13.34292912,10.0,4.446684875,23.59435838,58.79999924,,16613.1734,,,,26.47214088,46396.65612,,,9.8,1.989146343,,74.111,,,,,,,,,1.576469845,-0.34566640200000004,77686865.0,217.597,,,,1635.350633,,,18.958,1290000000000.0,,-2.8777825010000004,,72.7376,-0.382229524,1036570.333,3.0,50.0,4.0,23.0,80.0,46.0,17.0,25.0,33.0,161.0,442.0,49.111111111111114
75,Ghana,Africa - Western,Africa,Sub-Saharan Africa,1984,[1984],54.05642964,21.045289999999998,21.05385,0.0,6.223,0.207131724,-7.0,0.31487796100000004,8.044013277000001,82.5,,197.4867748,,,,10.77062194,1614.506421,,,97.0,35.31242636,,53.67,,,,,0.067199998,,,,,3.449995248,12462279.0,52.246,,74.968,,42.48738099,,,,2458487738.0,,-2.726608666,,32.5502,4.5180376330000005,2581.333333,91.0,48.0,141.0,122.0,120.0,8.0,178.0,149.0,104.0,74.0,1035.0,115.0
76,Gibraltar,Europe - Southern,Europe,Europe & Central Asia,1984,[1984],,,,,,1.239715992,,,,,,,,,,,,,,,,,,,,,,,,,,,,26619.0,4436.5,,,,993.2978648,,,,,,,,,,33.0,0.0,0.0,0.0,0.0,0.0,0.0,0.0,0.0,2.0,6.0,8.0,4.0
77,Greece,Europe - Southern,Europe,Europe & Central Asia,1984,[1984],71.44297905,24.94193,24.20835,0.0,1.82,5.76695101,8.0,1.6528217369999998,20.62768467,45.59999847,,9149.059234999999,,,3.7300000189999998,29.09307677,30246.47193,,,16.8,21.91845466,,74.837,,,3.0,,2.9,0.8885385,1.228249,0.5662666999999999,1.1816000740000001,0.498156576,9892518.0,74.968,,99.12299999999999,,732.4951541,3.927549,,40.94,90537269528.0,,-8.465392093,20.145570000000003,58.2996,0.7409914390000001,57049.666670000006,25.0,13.0,20.0,34.0,87.0,54.0,37.0,14.0,89.0,130.0,503.0,55.888888888888886
78,Greenland,America - North,North America,America,1984,[1984],0.687737782,24.66469,26.03245,0.0,2.1069999999999998,10.81983234,,,,,,14595.2134,,,,,51224.98251,,,,8.870829967,,,,,,,,,,,,1.1450506790000001,52527.0,0.024,,,,,,,63.8,769167746.3,,,,77.593,1.620448492,568.3333332999999,118.0,165.0,39.0,0.0,0.0,0.0,12.0,0.0,205.0,40.0,579.0,115.8
79,Grenada,America - Central,Central and South America,America,1984,[1984],47.05882353,23.44967,24.40606,0.0,4.243,0.63373289,,,37.94530021,,,2341.5793120000003,,,,64.62138449,7835.967205,,,22.0,3.8152338460000004,,67.449,,,,,0.4903,,,,,2.528678658,98359.0,285.927,,102.541,,,,,,230315399.6,,-26.67608428,,33.1306,2.686965807,62.33333333,130.0,60.0,94.0,0.0,43.0,110.0,111.0,88.0,22.0,15.0,673.0,84.125
80,Guadeloupe,America - Central,Central and South America,America,1984,[1984],,,,,2.503,2.516413159,,,,66.19999695,,,,,,,7285.034941,,,,,,71.417,,,,,,,,,,,348247.0,204.25,,,,,,,,,,,,,,876.3333332999998,0.0,0.0,56.0,0.0,0.0,0.0,117.0,41.0,36.0,52.0,302.0,60.4
81,Guam,Oceania,Oceania,East Asia & Pacific,1984,[1984],37.03703704,,,0.0,3.092,,,,,56.5,,,,,,,,,,,,,70.431,,,,,,,,,,2.301243455,116705.0,212.577,,,,,,,,,,,,92.6218,1.996380945,,0.0,87.0,67.0,0.0,0.0,0.0,0.0,60.0,34.0,0.0,248.0,82.66666666666667
82,Guatemala,America - Central,Central and South America,America,1984,[1984],35.3210153,23.46354,23.44,0.0,5.987,0.440493409,-6.0,0.47648085799999995,13.00211142,31.79999924,,1446.19155,,,,15.15100296,8976.35678,,,75.5,4.123700779,,59.01,,,,,0.469700009,4.298609,7.144566,1.410353,,2.446091685,7766291.0,71.32300000000001,,,,72.85904683,0.1857591,,,11231544416.0,,-2.148891544,1.596873,38.8018,3.3527246589999997,3421.0,56.0,91.0,133.0,73.0,106.0,17.0,101.0,130.0,93.0,81.0,881.0,97.88888888888889
83,Guernsey,Europe - Northern,Europe,Europe & Central Asia,1984,[1984],,,,,,,,,,,,,,,,,54090.464889999996,,,,,,,,,,,,,,,,,54718.0,,,,,,,,,,,,,,,,0.0,0.0,0.0,0.0,0.0,0.0,11.0,0.0,0.0,0.0,11.0,11.0
84,Guinea,Africa - Western,Africa,Sub-Saharan Africa,1984,[1984],57.52889468,21.22866,20.68589,0.0,6.63,0.203981706,-7.0,,,89.19999695,,,,,,,1666.371678,,,159.1,,,44.522,,,,,,,,,,2.520343176,4799450.0,19.521,,47.258,,,,,,,,,,26.0202,4.856392919,979.0,0.0,37.0,154.0,122.0,0.0,0.0,176.0,175.0,152.0,55.0,871.0,145.16666666666666
85,Guinea-Bissau,Africa - Western,Africa,Sub-Saharan Africa,1984,[1984],51.20910384,20.78623,20.766939999999998,0.0,6.71,0.1781547,-8.0,,13.40119775,59.90000153,,164.1558701,,,,51.28143323,1530.972966,,,128.4,59.40183223,,46.998999999999995,,,,,,,,,,1.718338774,905580.0,25.068,,46.599,,,,,,148656272.8,,-37.88023548,,21.4658,6.319020469,161.33333330000002,135.0,53.0,156.0,134.0,104.0,90.0,181.0,169.0,144.0,22.0,1188.0,132.0
86,Guyana,America - South,Central and South America,America,1984,[1984],8.778257557,22.73863,23.95368,0.0,2.714,1.8514636580000001,-7.0,,44.16115284,35.20000076,,641.3840391,,,,51.35898588,4157.626202,,,51.4,19.28174961,,61.114,,,,,0.165000007,,,,,-0.9101512829999999,758499.0,3.528,,98.448,,,,,,486489152.3,,-7.1978330360000005,,30.124000000000002,-1.21178064,1404.333333,123.0,146.0,61.0,122.0,32.0,91.0,141.0,118.0,191.0,60.0,1085.0,120.55555555555556
87,Haiti,America - Central,Central and South America,America,1984,[1984],58.05515239,22.98937,21.16507,0.0,6.106,0.146111934,-9.0,0.298844035,,61.70000076,,,,,,,3909.4249990000003,,,115.9,,,52.168,,,,,0.140799999,,,,,2.372679195,6248634.0,225.176,,,,24.24266051,,,,,,,,22.717,4.796500236,913.0,0.0,34.0,136.0,144.0,0.0,0.0,143.0,155.0,30.0,53.0,695.0,115.83333333333333
88,Holy See,Europe - Southern,Europe,Europe & Central Asia,1984,[1984],,,,,,,,,,,,,,,,,,,,,,,,,,,,,,,,,,742.0,1686.364,,,,,,,,,,,,,,,0.0,0.0,0.0,0.0,0.0,0.0,0.0,0.0,4.0,0.0,4.0,4.0
89,Honduras,America - Central,Central and South America,America,1984,[1984],29.28769327,23.366870000000002,23.54844,0.0,5.8020000000000005,0.48466556200000005,6.0,0.492298354,25.7005122,37.5,,1031.7654810000001,,,,32.02771919,6018.810388,,,58.2,3.3725526439999998,,62.828,,,,,0.690599978,,,,,3.0290604410000004,4100422.0,36.582,,103.285,,74.01603850000001,,,,4230673875.0,,-6.32720699,,37.162,4.582968943,1987.3333329999998,79.0,103.0,130.0,42.0,72.0,59.0,125.0,111.0,124.0,71.0,916.0,101.77777777777777
90,Hong Kong China,Asia - Eastern,Asia,East Asia & Pacific,1984,[1984],,,,,,,,,,,,14761.60321,,,,,33008.47949,,,,,,,,,,,,,,,,,,,,,,,,,,,,,,,,,0.0,0.0,0.0,0.0,0.0,0.0,33.0,0.0,0.0,0.0,33.0,33.0
91,Hungary,Europe - Eastern,Europe,Europe & Central Asia,1984,[1984],72.91944815,25.55388,25.27869,0.0,1.831,8.582988949,-7.0,2.6970302569999998,41.08115235,77.19999695,,4140.078767,,,,37.92485303,25573.756,,,22.0,6.331622437,,68.99,,,,,2.5,2.449656,3.349482,1.650895,0.95773504,-0.200097849,10584347.0,113.771,,99.73299999999999,,656.6552623,22.63079,,54.918,44166753595.0,,3.156299312,15.369829999999999,64.9142,0.07881223799999999,90845.33333,38.0,12.0,21.0,122.0,36.0,77.0,49.0,77.0,57.0,137.0,626.0,69.55555555555556
92,Iceland,Europe - Northern,Europe,Europe & Central Asia,1984,[1984],22.75311721,25.13832,24.62177,0.0,2.1719999999999997,7.60556652,,7.531269963,38.01173368,80.5,,23385.39562,,,,38.04061149,46431.6693,,,6.4,26.88076056,,77.43,,,,,2.4,,,,1.969485545,1.06362548,238641.0,2.3169999999999997,,95.685,,1962.791339,,,36.8,5601059491.0,,-0.028877811,,89.30799999999999,1.35742342,1815.0,72.0,114.0,44.0,0.0,42.0,78.0,16.0,2.0,194.0,67.0,629.0,78.625
93,India,Asia - Southern,Asia,South Asia,1984,[1984],60.90428126,20.92134,20.52994,0.0,4.3580000000000005,0.582768945,8.0,0.31572403,6.175108917999999,39.59999847,,256.45344,,,,7.816486672999999,1894.4500489999998,,,102.6,7.923232845,,56.792,,,,,0.396499991,,,,0.052055225999999996,2.256026172,767146806.0,233.36900000000003,,63.114,,20.98618549,,,,197000000000.0,,-1.459473338,,24.098000000000003,3.298875485,447069.3333,15.0,28.0,96.0,34.0,124.0,2.0,169.0,138.0,27.0,158.0,791.0,87.88888888888889
94,Indonesia,Asia - South Eastern,Asia,East Asia & Pacific,1984,[1984],20.45297725,20.032329999999998,20.47609,0.001062493,3.887,0.68105417,-7.0,0.38603548299999996,25.58711091,50.29999924,,453.85970539999994,,,,22.07785172,3218.535839,,,75.4,8.047928808,,60.688,,,,,,,,,0.139113768,2.123845659,164706919.0,86.48,88.4,89.97,,28.12195431,,,,74753833727.0,,3.509259189,,25.291999999999998,5.32575817,112174.3333,28.0,118.0,89.0,122.0,73.0,32.0,152.0,122.0,78.0,142.0,956.0,95.6
95,Iran,Asia - Southern,Asia,Middle East & North Africa,1984,[1984],36.56013018,23.49059,23.72762,0.0,6.374,3.366745377,-6.0,1.112308115,12.00724731,23.29999924,,1518.006965,,,,15.83345061,15498.628380000002,,,58.8,11.29249586,,53.882,,,,,,,,,0.889335707,3.7918407139999997,44790735.0,27.176,,,,215.997223,,,,67992647699.0,,-3.8262032999999995,,52.6546,5.193148252,150799.0,29.0,89.0,147.0,73.0,110.0,19.0,72.0,148.0,141.0,145.0,973.0,108.11111111111111
96,Iraq,Asia - Western,Asia,Middle East & North Africa,1984,[1984],21.72073988,25.33199,26.647059999999996,0.0,6.276,2.6557340369999998,-9.0,0.803507772,,14.60000038,,,,,,,24487.80818,,,47.7,,,60.673,,,,,,,,,,2.634373333,15137560.0,34.536,,77.402,,561.0306331,,,,,,,,68.1178,3.557896825,40201.33333,0.0,116.0,144.0,144.0,0.0,0.0,52.0,123.0,127.0,122.0,828.0,138.0
97,Ireland,Europe - Northern,Europe,Europe & Central Asia,1984,[1984],82.68253738,25.902720000000002,24.86197,0.0,2.5639999999999996,7.245786497,10.0,2.346151919,55.32308064,34.79999924,,10792.0388,,,5.900000095,56.79493382,25906.87845,,,9.3,,,73.71,,,7.400000095,,,0.6019095999999999,0.9780306000000001,0.22972350000000002,1.1189139890000002,0.62163163,3523059.0,50.13399999999999,,104.64299999999999,,1064.232332,6.448884,,18.724,,,-1.471853184,13.93588,56.0866,0.9561820240000001,25527.33333,0.0,3.0,58.0,23.0,22.0,100.0,47.0,31.0,106.0,112.0,502.0,62.75
98,Isle of Man,Europe - Northern,Europe,Europe & Central Asia,1984,[1984],63.15789474,,,,,,,,,,,8217.082111,,,,,21874.79207,,,,,,,,,,,,,,,,-0.307893507,64209.0,112.25299999999999,,,,,,,,527610625.2,,,,51.7688,-0.315233566,,122.0,22.0,0.0,0.0,0.0,0.0,56.0,0.0,59.0,0.0,259.0,64.75
99,Israel,Asia - Western,Asia,Middle East & North Africa,1984,[1984],26.06284658,24.94352,24.72481,,3.1060000000000003,5.91026259,9.0,1.8285390719999999,40.58407763,53.5,,13403.80135,,,4.179999828,55.13357796,30925.142239999997,,,12.8,390.678824,,75.11,,,,,3.353399992,1.601342,2.293875,0.9187008,,1.306891703,4017024.0,181.396,,104.699,,829.5501287000001,4.9508730000000005,,,55746409835.0,,-14.54950033,10.216619999999999,89.579,1.585245765,23741.66667,33.0,110.0,68.0,27.0,37.0,96.0,36.0,13.0,41.0,111.0,572.0,57.2
100,Italy,Europe - Southern,Europe,Europe & Central Asia,1984,[1984],58.63112441,25.42456,25.04221,0.0,1.4569999999999999,6.4824385179999995,10.0,2.253718924,21.89152927,47.20000076,,13882.43755,,,7.3000001910000005,22.30988649,35061.387780000005,,,11.2,10.76184515,,75.56,,,5.900000095,,,1.6217270000000001,2.6844580000000002,0.5824397,1.496413965,0.022350912999999997,56709575.0,188.205,,98.794,,765.5932439,3.8336339999999995,,13.96,785000000000.0,,-0.41835722700000005,14.547379999999999,66.7888,0.078064392,367616.3333,6.0,31.0,4.0,23.0,84.0,33.0,31.0,10.0,40.0,154.0,416.0,46.22222222222222
101,Jamaica,America - Central,Central and South America,America,1984,[1984],44.04432133,22.44398,24.93347,0.0,3.3939999999999997,2.266157255,10.0,0.8799504359999999,55.57835184,86.09999847,,2674.566619,,,,61.61030117,12233.73359,,,29.1,35.91919576,,71.087,,,,,0.489100009,,,,,1.72986363,2270069.0,206.53900000000002,,104.066,,159.10447219999998,,,,6097744435.0,,-6.031949326,,48.086999999999996,2.433144078,5144.333333,71.0,71.0,74.0,23.0,19.0,105.0,83.0,47.0,35.0,88.0,616.0,68.44444444444444
102,Japan,Asia - Eastern,Asia,East Asia & Pacific,1984,[1984],16.44091034,22.17225,21.40332,0.033851571000000004,1.73,8.285399498,10.0,3.017806162,14.72016367,60.0,,25972.89455,,,6.170000076,12.16783965,40679.905289999995,,,5.8,1.743512926,,77.54,,,0.400000006,,1.4,0.9808344000000001,1.072622,0.8900264000000001,1.8266204680000002,0.634413291,119320901.0,315.77,,101.281,,1184.387424,12.92211,,4.5,3120000000000.0,,2.652397938,10.22058,76.6046,0.7747121220000001,988621.3333,2.0,130.0,16.0,23.0,99.0,9.0,25.0,1.0,20.0,160.0,485.0,48.5
103,Jersey,Europe - Northern,Europe,Europe & Central Asia,1984,[1984],,,,,,,,,,,,,,,,,,,,,,,,,,,,,,,,,,78740.0,,,,,,,,,,,,,,,,0.0,0.0,0.0,0.0,0.0,0.0,0.0,0.0,0.0,0.0,0.0,-0.0
104,Jordan,Asia - Western,Asia,Middle East & North Africa,1984,[1984],11.89936537,25.15302,28.05407,0.0,6.771,3.100657786,-9.0,1.009418803,37.66528717,13.60000038,,2057.323839,,,,76.66801252,8544.459911,,,36.9,-0.267351045,,67.89699999999999,,,,,1.159399986,,,,,3.8111680239999997,2693837.0,30.151999999999997,,102.73100000000001,,238.5414002,,,,5248851957.0,,-39.00272535,,64.995,5.77509261,8352.666667,75.0,139.0,159.0,144.0,44.0,122.0,106.0,86.0,136.0,97.0,1108.0,123.11111111111111
105,Kazakhstan,Asia - Central,Asia,Europe & Central Asia,1984,[1984],,24.75603,25.494979999999998,0.0,3.0060000000000002,,-7.0,,,88.5,,,,,,,14546.57979,,,51.9,,,66.626,,,,,3.531300068,,,,,1.149883304,15596921.0,5.724,,,,,,,,,,,,55.6364,1.8236508569999998,,0.0,0.0,65.0,122.0,0.0,0.0,75.0,96.0,186.0,0.0,544.0,136.0
106,Kenya,Africa - Eastern,Africa,Sub-Saharan Africa,1984,[1984],44.81322697,20.48854,21.13585,0.0,7.0489999999999995,0.22807796,-7.0,0.438497866,26.749892699999997,81.09999847,,406.2731223,,,,32.05400491,2559.02696,,,62.7,10.19071997,,59.383,,,,,,,,,,3.767084037,18937969.0,32.631,,90.29700000000001,,30.02871793,,,,7685466665.0,,-5.30411221,,15.9798,4.38980265,4319.333333,64.0,69.0,169.0,122.0,67.0,60.0,159.0,127.0,129.0,86.0,1052.0,116.88888888888889
107,Kiribati,Oceania,Oceania,East Asia & Pacific,1984,[1984],48.14814815,25.793470000000003,26.36935,0.0,4.912,0.36142005200000005,,,39.23046289,,,730.5850252,,,,105.7715284,5301.158654,,,80.8,1.15367237,,57.908,,,,,,,,,,2.2984599390000002,60871.0,83.844,,93.789,,,,,,46437159.51,,-66.54106547,,33.2896,3.0565168989999996,22.0,139.0,58.0,108.0,0.0,40.0,130.0,133.0,134.0,81.0,2.0,825.0,103.125
108,Kuwait,Asia - Western,Asia,Middle East & North Africa,1984,[1984],7.687991021,25.9014,28.31658,0.0,4.456,17.08795166,-8.0,7.59032411,60.11297588,33.59999847,,,,,,44.64112095,65151.30127,,,21.3,0.349309725,,70.705,,,,,,2.569559,4.057983,0.9995120000000001,4.6711940819999995,4.66451268,1659961.0,93.162,,96.35799999999999,,4184.4343850000005,0.9410200000000001,,,,,15.47185493,36.791920000000005,97.2786,5.308449298999999,28365.33333,0.0,151.0,99.0,134.0,16.0,84.0,7.0,55.0,73.0,113.0,732.0,91.5
109,Kyrgyzstan,Asia - Central,Asia,Europe & Central Asia,1984,[1984],,24.44845,25.34923,,4.0969999999999995,,-7.0,,,84.30000305,,,,,,,5139.641595,,,,,,64.753,,,,,,,,,,,3933002.0,,,,,,,,,,,,,,,,0.0,0.0,93.0,122.0,0.0,0.0,135.0,103.0,0.0,0.0,453.0,113.25
110,Lao,Asia - Eastern,Asia,East Asia & Pacific,1984,[1984],,,,,,,,,,,,206.459758,,,,,,,,,,,,,,,,,,,,,,,,,,,,,,,,,,,,,,0.0,0.0,0.0,0.0,0.0,0.0,0.0,0.0,0.0,0.0,0.0,-0.0
111,Latvia,Europe - Northern,Europe,Europe & Central Asia,1984,[1984],,25.18238,25.46165,0.0,2.102,,-7.0,,,93.59999847,,3725.5572509999997,,,,,19193.78123,,,18.1,-1.541453449,,69.44,,,,,,5.789834,8.177358,3.659555,,0.627872772,2563992.0,39.69,,,,,22.137729999999998,,,9545052777.0,,,25.21344,68.267,1.05799359,,59.0,0.0,37.0,122.0,0.0,0.0,63.0,71.0,118.0,0.0,470.0,94.0
112,Lebanon,Asia - Western,Asia,Middle East & North Africa,1984,[1984],58.45552297,24.30688,24.61598,0.0,3.5869999999999997,2.4549091919999997,0.0,0.687199447,,29.60000038,,,,,,,8251.873203000001,,,34.3,,,68.68,,,,,,,,,,0.719628292,2872204.0,276.173,,,,,,,,,,,,78.27199999999999,2.199763941,7051.0,0.0,32.0,80.0,50.0,0.0,0.0,109.0,80.0,24.0,94.0,469.0,93.8
113,Lesotho,Africa - Southern,Africa,Sub-Saharan Africa,1984,[1984],75.79051383,20.64601,25.38587,0.0,5.377000000000001,,-7.0,,14.41661944,69.80000305,,286.0878672,,,,130.8959358,1504.1105029999999,,,78.5,4.855848535,,55.897,,,,,,,,,,2.464788158,1453098.0,47.87,,128.722,,,,,,415713707.7,,-116.47931640000002,,11.6916,2.982737418,,125.0,8.0,121.0,122.0,101.0,131.0,184.0,141.0,110.0,0.0,1043.0,130.375
114,Liberia,Africa - Western,Africa,Sub-Saharan Africa,1984,[1984],26.84800664,21.23418,21.699370000000002,0.0,6.917000000000001,0.321331797,-6.0,,55.51115167,59.0,,551.9740360000001,,,,45.60441691,1062.397428,,,155.8,5.267152783999999,,47.206,32.10676616,47.63379359,,,,,,,,2.462591285,2179471.0,19.57,,,,,,,,1203011422.0,,4.817366898,,38.446999999999996,4.618470455,700.3333332999999,109.0,106.0,165.0,73.0,20.0,86.0,199.0,167.0,151.0,47.0,1123.0,124.77777777777777
115,Libya,Africa - Northern,Africa,Middle East & North Africa,1984,[1984],8.760812485,24.8035,27.11086,0.0,6.897,7.718690385,-7.0,2.4759197459999998,,17.20000076,,,,,,,29748.98379,,,49.0,,,66.234,60.16439333,89.33790064,,,,,,,,4.380308151,3708142.0,2.1069999999999998,,,,459.9549949,,,,,,,,74.3788,5.83097495,28622.0,0.0,147.0,164.0,122.0,0.0,0.0,39.0,97.0,196.0,114.0,879.0,146.5
116,Liechtenstein,Europe - Western,Europe,Europe & Central Asia,1984,[1984],56.25,,,,,,,,,,,38591.08105,,,,,84490.65914,,,,2.95143213,,,,,,,,,,,,1.445318546,26761.0,167.25599999999997,,,,,,,,1032735920.0,,,,17.75,0.7100004790000001,,111.0,43.0,0.0,0.0,0.0,0.0,3.0,0.0,46.0,0.0,203.0,50.75
117,Lithuania,Europe - Northern,Europe,Europe & Central Asia,1984,[1984],,25.990070000000003,26.75682,0.0,2.056,,-7.0,,,90.09999847,,,,,,,25564.97584,,,16.2,,,70.49,,,,,,,,,,0.8290190190000001,3532724.0,54.1,,,,,,,20.514,,,,,64.262,2.04392578,,0.0,0.0,34.0,122.0,0.0,0.0,50.0,58.0,101.0,0.0,365.0,91.25
118,Luxembourg,Europe - Western,Europe,Europe & Central Asia,1984,[1984],,25.194779999999998,24.421879999999998,0.0,1.4480000000000002,24.42438335,,8.112675479,104.00041,42.29999924,,22985.0677,,,7.400000095,93.36715818,59212.14225,,,9.7,4.407485825,,73.11,,,0.699999988,,1.7,,,,,0.102785608,365550.0,141.357,,95.44200000000001,,1515.54009,,,10.74,8413233453.0,,10.61810978,,80.5436,0.258599007,8928.333333,62.0,0.0,3.0,0.0,2.0,128.0,9.0,33.0,52.0,98.0,387.0,55.285714285714285
119,Macao  China,Asia - Eastern,Asia,East Asia & Pacific,1984,[1984],,,,,,,,,,,,11008.99817,,,,,34731.53034,,,,,,,,,,,,,,,,,,,,,,,,,,,,,,,,,0.0,0.0,0.0,0.0,0.0,0.0,32.0,0.0,0.0,0.0,32.0,32.0
120,Madagascar,Africa - Eastern,Africa,Sub-Saharan Africa,1984,[1984],62.17972968,20.76609,20.36591,0.0,6.135,0.100802393,-6.0,,13.28297236,87.90000153,,295.85895760000005,,,,17.90882396,2392.112923,,,107.9,10.2588194,,49.63399999999999,,,,,,,,,,2.55395381,9530197.0,16.234,,,,,,,,2819522558.0,,-4.6258516,,20.4512,4.937999667,960.6666667000002,87.0,25.0,137.0,73.0,105.0,21.0,162.0,158.0,159.0,54.0,981.0,109.0
121,Malawi,Africa - Eastern,Africa,Sub-Saharan Africa,1984,[1984],42.32074671,20.863000000000003,20.890220000000003,0.0,7.582999999999999,0.079991718,-9.0,,28.37062306,88.69999695,,152.23020259999998,,,,26.42614601,1298.057855,,,146.3,12.77205556,,45.833,,,,,0.087399997,,,,,3.299518628,6967388.0,58.803999999999995,,71.59899999999999,,,,,,1060647029.0,,1.944477055,,9.9404,5.564319219,557.3333332999999,110.0,76.0,182.0,144.0,64.0,45.0,193.0,172.0,99.0,39.0,1124.0,124.88888888888889
122,Malaysia,Asia - South Eastern,Asia,East Asia & Pacific,1984,[1984],17.45548623,22.000529999999998,22.69314,0.0,3.679,2.262858242,4.0,1.0023119059999999,53.45964338,48.90000153,,2234.910073,,,,51.62583469,10720.72195,1.73,38.42,19.9,5.546167292000001,,69.22399999999999,,,,,,,,,0.61172962,2.6863863930000003,15331937.0,46.482,12.31,99.295,,,,,,34265500441.0,,1.833808689,,45.1232,4.407102187,34694.0,44.0,127.0,83.0,46.0,25.0,92.0,92.0,75.0,112.0,120.0,816.0,90.66666666666667
123,Maldives,Asia - Southern,Asia,South Asia,1984,[1984],30.0,20.73497,22.50962,0.0,7.24,0.325495548,,,77.16645078,25.79999924,,,,,,86.93782383,2739.757007,,,88.7,,,55.876999999999995,,,,,,,,,,3.6022070360000003,180238.0,604.826,,,,,,,,,,-9.771373057,,24.8428,6.246057472,58.66666667,0.0,101.0,178.0,0.0,4.0,126.0,155.0,142.0,9.0,14.0,729.0,104.14285714285714
124,Mali,Africa - Western,Africa,Sub-Saharan Africa,1984,[1984],26.2934461,20.35725,19.44987,0.0,7.087999999999999,0.055466775999999995,-7.0,,17.79598654,41.70000076,,194.675116,,,,32.8211184,1302.5513779999999,,,145.9,11.29928294,,42.753,,,,,,,,,,1.9793876380000002,7866571.0,6.343,,55.386,,,,,,1531425622.0,,-15.02513186,,20.5072,4.476764927,436.33333330000005,102.0,108.0,170.0,122.0,92.0,62.0,192.0,180.0,184.0,33.0,1245.0,138.33333333333334
125,Malta,Europe - Southern,Europe,Europe & Central Asia,1984,[1984],40.625,25.86289,25.99225,0.0,2.0540000000000003,3.95426504,,1.2452350779999999,62.4184565,11.5,,5162.190472,,,,76.47608515,20036.51428,,,12.8,-0.176646272,,73.964,,,,,1.3795000309999998,,,,,0.020873764,344944.0,1091.595,,93.652,,563.5955478,,,15.85,1706584035.0,,-14.05762865,,89.8194,0.030448991,1364.0,101.0,79.0,32.0,0.0,13.0,121.0,59.0,27.0,5.0,59.0,496.0,62.0
126,Marshall Islands,Oceania,Oceania,East Asia & Pacific,1984,[1984],,25.30169,26.23508,0.0,,,,,,,,1990.224514,,,,,11815.580829999999,,,46.3,4.1070535580000005,,,,,,,,,,,,4.680919449,36562.0,202.0,,,,,,,,72766588.69,,,,61.2156,5.879601364,,138.0,0.0,0.0,0.0,0.0,0.0,85.0,0.0,37.0,0.0,260.0,130.0
127,Martinique,America - Central,Central and South America,America,1984,[1984],,,,,2.113,4.3953348519999995,,,,71.69999695,,,,,,,21749.164259999998,,,,,,72.49600000000001,,,,,,,,,,,337024.0,305.829,,,,,,,,,,,,,,1481.333333,0.0,0.0,41.0,0.0,0.0,0.0,57.0,37.0,21.0,61.0,217.0,43.4
128,Mauritania,Africa - Western,Africa,Sub-Saharan Africa,1984,[1984],38.35742699,21.03823,22.996979999999997,0.0,6.218999999999999,0.5088286470000001,-7.0,,45.58724622,67.5,,492.28481560000006,,,,73.13771049,2745.019717,,,88.6,10.91260671,,56.476000000000006,,,,,0.082500003,,,,,2.79169205,1700638.0,1.6580000000000001,,,,,,,,837198264.3,,-27.55046428,,33.4694,7.453909578999999,865.3333332999998,116.0,84.0,140.0,122.0,30.0,120.0,154.0,140.0,199.0,51.0,1156.0,128.44444444444446
129,Mauritius,Africa - Eastern,Africa,Sub-Saharan Africa,1984,[1984],56.15763547,22.40026,23.57018,0.0,2.273,0.623465574,10.0,,48.46630243,45.29999924,,1767.393852,,,,51.80187139,7599.18302,,,24.3,7.4636741870000005,,68.251,,,,,,1.8131110000000001,2.982708,0.9759315000000001,,0.83875885,1005669.0,492.975,,95.336,,,20.10519,,,1783713081.0,,-3.3355689610000003,1.147666,42.3302,0.826475231,627.0,99.0,44.0,47.0,23.0,29.0,93.0,113.0,84.0,12.0,45.0,589.0,65.44444444444444
130,Mayotte,Africa - Eastern,Africa,Sub-Saharan Africa,1984,[1984],45.94594595,,,,7.249,,,,,,,,,,,,,,,,,,69.688,,,,,,,,,,,67287.0,179.912,,,,,,,,,,,,,,,0.0,65.0,179.0,0.0,0.0,0.0,0.0,66.0,42.0,0.0,352.0,88.0
131,Mexico,America - Central,Central and South America,America,1984,[1984],51.15203579999999,24.976020000000002,25.28986,0.0,4.029,3.717522616,-3.0,1.400088299,17.38113668,42.40000153,,4965.133903,,,1.5599999430000002,9.552644091,18354.46937,1.87,35.1,47.2,59.09347829,,68.387,,,,,,20.739179999999998,38.861999999999995,3.365071,0.746598891,1.9608376980000002,74673296.0,38.134,28.46,94.398,,178.6546261,2.128917,,,371000000000.0,,7.828492587,19.888170000000002,68.4278,2.72690464,277599.6667,9.0,54.0,92.0,57.0,94.0,5.0,65.0,83.0,122.0,151.0,732.0,81.33333333333333
132,Monaco,Europe - Western,Europe,Europe & Central Asia,1984,[1984],,,,0.0,,,,,,,,65093.1709,,,,,54905.58749,,,,7.2770824339999995,,,,,,,,,,,,1.965337404,28004.0,18794.631,,,,,,,,1822869158.0,,,,100.0,1.965337404,,98.0,0.0,0.0,0.0,0.0,0.0,10.0,0.0,1.0,0.0,109.0,54.5
133,Mongolia,Asia - Eastern,Asia,East Asia & Pacific,1984,[1984],80.20803831,23.59294,24.67765,0.0,5.526,3.440236886,-7.0,,29.17961263,71.40000153,,479.40095690000004,,,,65.07162808,4244.933581,,,92.9,-3.08759362,,57.967,,,,,,,,,,2.596775217,1874774.0,1.197,,,,,,,,898768449.5,,-35.89201545,,54.4486,3.688879015,6449.666667,113.0,4.0,123.0,122.0,60.0,112.0,140.0,133.0,201.0,92.0,1100.0,122.22222222222223
134,Montenegro,Europe - Southern,Europe,Europe & Central Asia,1984,[1984],,25.59635,25.968870000000003,,2.104,,-5.0,,,,,,,,,,22955.26414,,,23.3,,,73.718,,,,,,,,,,-0.080217235,574459.0,41.591,,,,,,,,,,,,41.2226,2.630452918,,0.0,0.0,38.0,63.0,0.0,0.0,54.0,30.0,117.0,0.0,302.0,60.4
135,Montserrat,America - Central,Central and South America,America,1984,[1984],,,,,,1.922068845,,,,,,,,,,,18673.7959,,,,,,,,,,,,,,,,,11446.0,112.21600000000001,,,,,,,,,,,,,,22.0,0.0,0.0,0.0,0.0,0.0,0.0,64.0,0.0,60.0,2.0,126.0,42.0
136,Morocco,Africa - Northern,Africa,Middle East & North Africa,1984,[1984],65.83912167,23.527260000000002,24.00485,0.0,5.122999999999999,0.819080508,-8.0,0.25201624100000003,23.82431245,23.79999924,,1013.1536050000001,,,,33.59467147,5310.4117289999995,,,80.4,8.606780033,,60.739,,,,,,,,,,2.591558924,21747150.0,48.7,,63.793,,63.35680087,,,,22213551848.0,,-9.770359014,,44.0652,4.2246946560000005,17812.66667,51.0,17.0,111.0,134.0,78.0,65.0,132.0,121.0,108.0,106.0,923.0,102.55555555555556
137,Mozambique,Africa - Eastern,Africa,Sub-Saharan Africa,1984,[1984],60.18718686,20.484820000000003,20.74128,0.0,6.42,0.11639542300000001,-8.0,0.484519851,4.1456566839999995,91.90000153,,143.72871899999998,,,,18.35996363,813.1971662000001,,,166.0,17.67564743,,42.946999999999996,,,,,,,,,,1.5752865409999999,13199259.0,16.465999999999998,,,,10.29357646,,,,1897112587.0,,-14.21430695,,16.019000000000002,6.219856729,1536.333333,96.0,29.0,148.0,134.0,126.0,22.0,203.0,179.0,158.0,62.0,1157.0,128.55555555555554
138,Myanmar,Asia - South Eastern,Asia,East Asia & Pacific,1984,[1984],15.94699636,19.832160000000002,20.09005,0.0,4.456,0.185183197,-8.0,0.288237796,5.845476341,76.40000153,,,,,,9.405377103,2114.323034,,,86.1,2.51788875,,56.523999999999994,,,,,,,,,,1.847022676,35481981.0,52.443000000000005,,,,10.37340418,,,,,,-3.559900762,,24.0586,1.936011741,6570.666667,0.0,131.0,99.0,134.0,125.0,4.0,166.0,139.0,103.0,93.0,994.0,124.25
139,Namibia,Africa - Southern,Africa,Sub-Saharan Africa,1984,[1984],46.96036634,21.1646,23.182,0.0,6.022,,,,54.6705588,63.59999847,,2029.2593510000002,,,,70.01668057,7579.161443000001,,,57.8,11.86048798,,59.523,,,,,,,,,,2.771547772,1112679.0,1.35,,,,,,,,2257914266.0,,-15.34612177,,26.105999999999998,3.772480059,,93.0,62.0,134.0,0.0,23.0,118.0,115.0,126.0,200.0,0.0,871.0,124.42857142857143
140,Nauru,Oceania,Oceania,East Asia & Pacific,1984,[1984],,29.045479999999998,29.42018,,,15.56970984,,,,,,,,,,,25843.58671,,,,,,,,,,,,,,,,,8007.0,381.286,,,,,,,,,,,,,,124.66666670000001,0.0,0.0,0.0,0.0,0.0,0.0,48.0,0.0,13.0,19.0,80.0,26.666666666666668
141,Nepal,Asia - Southern,Asia,South Asia,1984,[1984],30.04895105,20.818720000000003,18.814320000000002,0.0,5.569,0.042564301,-2.0,0.305280779,10.6524501,47.0,,153.8119027,,,,19.44909969,1454.033073,,,124.0,6.377949965,,50.42100000000001,,,,,0.031399999,,,,,2.368155969,16539682.0,112.376,,41.368,,9.512130569,,,,2543999958.0,,-8.796649582999999,,7.127000000000001,6.069900517000001,704.0,90.0,100.0,124.0,54.0,115.0,25.0,185.0,157.0,58.0,48.0,956.0,106.22222222222223
142,Netherlands,Europe - Western,Europe,Europe & Central Asia,1984,[1984],59.71563981,24.22622,24.07384,,1.49,10.087277,10.0,4.147701528,60.58682604,43.40000153,,16162.331119999999,,,8.68999958,55.32548494,41722.02596,,,8.0,2.307108445,,76.32,,,,,2.2,0.9287044,1.2904579999999999,0.5577486,1.9943332999999999,0.39693319,14378740.0,346.24199999999996,,99.023,,1099.363995,8.314747,,7.5,233000000000.0,,5.261341096000001,10.66665,66.3242,0.993969751,145042.3333,12.0,30.0,6.0,23.0,15.0,97.0,22.0,7.0,17.0,143.0,372.0,37.2
143,Netherlands Antilles,Europe - Western,Europe,America,1984,[1984],,25.11061,27.048479999999998,,2.34,,,,,52.79999924,,,,,,,38360.77634,,,,,,74.01899999999999,,,,,,,,,,,179800.0,224.75,,,,,,,,,,,,,,,0.0,0.0,51.0,0.0,0.0,0.0,28.0,26.0,31.0,0.0,136.0,34.0
144,New Caledonia,Oceania,Oceania,East Asia & Pacific,1984,[1984],15.864332600000001,,,0.0,3.205,7.926495387,,,,50.40000153,,8937.756906999999,,,,,47895.81395,,,,8.839672211,,68.65,,,,,,,,,,3.52449841,152190.0,8.193,,,,,,,,1346169194.0,,,,58.5524,4.006595588,1206.333333,104.0,132.0,71.0,0.0,0.0,0.0,15.0,81.0,179.0,58.0,640.0,106.66666666666667
145,New Zealand,Oceania,Oceania,East Asia & Pacific,1984,[1984],62.96380692,25.49691,24.56961,0.0,2.1239,5.9506155629999995,10.0,3.2510761980000003,31.80411411,59.79999924,,11418.25346,,,4.730000018999999,35.00282478,37225.75578,,,11.5,7.611171832999999,,74.49,,,,,1.7,1.182601,1.703684,0.6339729000000001,1.1541516090000001,0.865186525,3243586.0,11.99,,100.45299999999999,,2744.706957,14.168389999999999,,30.39,36847845727.0,,-3.198710671,20.46256,83.624,0.9237993170000001,19301.33333,41.0,23.0,42.0,23.0,57.0,70.0,30.0,19.0,165.0,107.0,577.0,64.11111111111111
146,Nicaragua,America - Central,Central and South America,America,1984,[1984],32.26691042,24.25427,24.82252,0.0,5.5889999999999995,0.513081832,-1.0,0.513428843,16.44303871,47.59999847,,1250.989036,,,,29.45081127,6795.678322,,,62.4,38.96199866,,60.138000000000005,,,,,0.636900008,,,,,2.5308493480000003,3608911.0,27.761,,111.285,,142.6038754,,,,3479589248.0,,-13.00777256,,50.898,3.003495862,1851.6666670000002,84.0,96.0,125.0,52.0,95.0,55.0,119.0,125.0,140.0,68.0,959.0,106.55555555555556
147,Niger,Africa - Western,Africa,Sub-Saharan Africa,1984,[1984],24.29936054,20.6501,20.258879999999998,0.0,7.773,0.15148219,-7.0,,22.91307617,45.09999847,,188.1170719,,,,26.969459399999998,1409.224514,,,136.9,11.72490751,,41.313,,,,,0.0251,,,,,2.752241362,6559627.0,5.1770000000000005,,,,,,,,1233977824.0,,-4.056383232,,14.3174,4.290830703999999,993.6666667000002,107.0,112.0,184.0,122.0,81.0,47.0,187.0,182.0,188.0,56.0,1266.0,140.66666666666666
148,Nigeria,Africa - Western,Africa,Sub-Saharan Africa,1984,[1984],77.81657279,21.10216,22.06904,0.0,6.726,0.8318519320000001,-7.0,0.710702464,14.85080438,45.70000076,,293.5968613,,,,12.952930300000002,1358.5525949999999,,,124.3,16.94666107,,46.33,,,,,,,,,,2.4873510359999997,83691577.0,90.598,,68.014,,37.8874786,,,,24571584325.0,,1.8978740790000002,,31.186,4.596921984,69619.0,49.0,6.0,157.0,122.0,98.0,12.0,190.0,170.0,75.0,133.0,1012.0,112.44444444444444
149,Niue,Oceania,Oceania,East Asia & Pacific,1984,[1984],,,,,,1.291079812,,,,,,,,,,,,,,,,,,,,,,,,,,,,2840.0,10.923,,,,,,,,,,,,,,3.666666667,0.0,0.0,0.0,0.0,0.0,0.0,0.0,0.0,166.0,1.0,167.0,83.5
150,North Korea,Asia - Eastern,Asia,East Asia & Pacific,1984,[1984],,,,0.0,,8.022950372999999,,1.8786437580000002,,,,,,,,,,,,36.0,,,,,,,,,,,,,1.695530515,,152.825,,,,,,,,,,,,57.4952,1.954670205,147792.3333,0.0,0.0,0.0,0.0,0.0,0.0,0.0,0.0,48.0,144.0,192.0,192.0
151,Northern Mariana Islands,Oceania,Oceania,East Asia & Pacific,1984,[1984],,,,0.0,,,,,,,,,,,,,6421.34946,,,,,,,,,,,,,,,,11.83496752,27362.0,58.97,,,,,,,,,,,,88.0616,12.19832753,,0.0,0.0,0.0,0.0,0.0,0.0,121.0,0.0,98.0,0.0,219.0,219.0
152,Norway,Europe - Northern,Europe,Europe & Central Asia,1984,[1984],3.1352701460000003,24.88225,23.99738,0.943658398,1.66,7.997615681,10.0,4.663362156,42.92377912,74.19999695,,24643.33056,,,10.17000008,34.04230572,27548.86795,,,8.2,6.184281434,,76.19,,,0.400000006,,2.2,1.049728,1.634887,0.4625567,2.075323514,0.282202673,4138150.0,10.744000000000002,,103.37700000000001,,6817.254053000001,14.92876,,,102000000000.0,,8.881473401000001,9.816588000000001,71.157,0.49745166399999996,33095.33333,24.0,156.0,13.0,23.0,34.0,67.0,42.0,8.0,168.0,118.0,653.0,65.3
153,Oman,Asia - Western,Asia,Middle East & North Africa,1984,[1984],3.421647819,23.44716,25.27262,0.0,8.299,5.49058507,-10.0,1.531665447,50.28061361,21.79999924,,6490.810471,,,,37.57917713,16128.07491,,,54.9,-4.718300213,,63.153999999999996,,,,,,,,,,5.087866598,1467846.0,4.743,,63.068000000000005,,654.1298512999999,,,,9527510186.0,,12.70143648,,55.1756,8.598487343,8059.333333,60.0,155.0,185.0,151.0,28.0,76.0,70.0,110.0,189.0,96.0,1120.0,124.44444444444444
154,Pakistan,Asia - Southern,Asia,South Asia,1984,[1984],32.85855127,21.57176,22.03765,0.0,6.436,0.464270907,-7.0,0.33209740000000004,11.07038959,12.60000038,,381.8105677,,,,22.626136300000002,1519.105683,,,115.9,9.65354905,,59.251000000000005,,,,,,,,,0.077410385,3.416609179,92300277.0,115.941,,45.56100000000001,,47.00821139,,,,35241221159.0,,-11.55574671,,29.0884,4.299193308,42852.33333,42.0,92.0,150.0,122.0,113.0,34.0,182.0,129.0,55.0,124.0,1043.0,115.88888888888889
155,Palau,Oceania,Oceania,East Asia & Pacific,1984,[1984],,25.95121,26.812690000000003,,,,,,,,,,,,,,14932.44009,,,34.7,,,,,,,,,,,,,2.6985644189999998,13371.0,29.131,,,,,,,,,,,,66.4124,4.166239098,,0.0,0.0,0.0,0.0,0.0,0.0,74.0,0.0,137.0,0.0,211.0,105.5
156,Panama,America - Central,Central and South America,America,1984,[1984],26.44605865,23.86279,24.48199,0.0,3.492,1.321338659,-6.0,0.7605924609999999,67.19738362,46.79999924,,3274.608714,,,,58.01265104,6746.942786,,,31.5,1.629140765,,71.464,,,,,1.020799994,3.475225,5.3724,1.480923,,2.148411943,2133947.0,28.258000000000003,,100.42200000000001,,246.2451821,1.82044,,,6987841441.0,,9.184732585,21.32722,51.7668,2.788315525,2819.666667,68.0,107.0,78.0,73.0,9.0,102.0,120.0,40.0,139.0,75.0,811.0,90.11111111111111
157,Papua New Guinea,Oceania,Oceania,East Asia & Pacific,1984,[1984],1.71134567,22.262079999999997,21.56065,0.0,5.312,0.570946843,4.0,,39.44281581,78.0,,597.3648803,,,,53.14557322,1681.730589,,,71.2,7.438293615,,54.535,,,,,,,,,,2.666561492,3583521.0,7.742000000000001,,78.285,,,,,,2140669593.0,,-13.70275742,,13.8078,4.053619106,2046.0,94.0,162.0,119.0,46.0,39.0,94.0,174.0,146.0,180.0,73.0,1127.0,125.22222222222223
158,Paraguay,America - South,Central and South America,America,1984,[1984],37.67178455,23.69463,23.89237,0.0,5.093999999999999,0.4297184,-8.0,0.615656095,15.88047884,64.0,,1311.282454,,,,22.07251174,4023.9626770000004,,,43.6,26.9382946,,67.2,,,,,0.700600028,,,,,2.9564431,3592275.0,8.832,,,,152.68115419999998,,,,4710487179.0,,-6.192032898,,44.324,4.454385621,1543.666667,77.0,86.0,110.0,134.0,96.0,31.0,142.0,91.0,176.0,63.0,1006.0,111.77777777777777
159,Peru,America - South,Central and South America,America,1984,[1984],14.72890625,23.18981,25.20174,0.0,4.475,1.087819658,7.0,0.5711513229999999,19.3476003,46.20000076,,2031.675842,,,,15.40744522,5578.496743,,,73.0,109.92980159999998,,62.401,,,,,0.907500029,,,,0.308822806,2.3160676430000002,19020616.0,14.8,,,,192.23975330000002,,,,38643726024.0,,3.94015508,,66.406,3.008153757,20691.0,40.0,134.0,102.0,38.0,90.0,18.0,130.0,113.0,163.0,108.0,936.0,104.0
160,Philippines,Asia - South Eastern,Asia,East Asia & Pacific,1984,[1984],36.28802361,21.4751,21.54787,0.0,4.795,0.58921772,-6.0,0.43004465799999997,24.02413052,56.90000153,,994.458451,,,,25.07316757,2348.404685,,,51.3,53.3359576,,63.442,,,,,0.15360000699999998,,,,0.159631028,2.755153408,52596291.0,175.321,,101.743,,75.02628646,,,48.0,52304826078.0,,-1.049037048,,41.933,5.445248314,30990.66667,34.0,90.0,107.0,73.0,77.0,40.0,163.0,107.0,44.0,116.0,851.0,94.55555555555556
161,Poland,Europe - Eastern,Europe,Europe & Central Asia,1984,[1984],62.19704433,25.205270000000002,25.75254,0.0,2.294,11.75004055,-7.0,3.211684144,,77.30000305,,,,,,,9030.450647,,,18.6,,,70.9,,,,,1.9,1.7616990000000001,2.3036369999999997,1.280929,0.435384626,0.9045906920000001,36923674.0,114.226,,,,383.4135888,13.900889999999999,,,,,,15.095360000000001,59.5708,1.529664294,433854.6667,0.0,24.0,49.0,122.0,0.0,0.0,100.0,51.0,56.0,157.0,559.0,93.16666666666667
162,Portugal,Europe - Southern,Europe,Europe & Central Asia,1984,[1984],43.61748634,25.033739999999998,24.8023,0.0,1.868,2.91933555,10.0,1.115894269,29.61414777,62.5,,6467.238496,,,1.399999976,36.03505512,11482.98624,,,17.6,24.67572405,,72.98,,,,,2.4,1.723369,2.7831490000000003,0.7757435,0.954092941,0.38455308,9955005.0,108.228,,,,412.4000082,8.968254,,37.726,64648016404.0,,-6.42090735,26.40798,44.7954,1.512885075,29062.0,30.0,72.0,26.0,23.0,59.0,74.0,87.0,35.0,63.0,115.0,584.0,64.88888888888889
163,Puerto Rico,America - Central,Central and South America,America,1984,[1984],52.31116122,25.10865,26.47655,0.0,2.387,,,,67.39586488,34.09999847,,9138.378665,,,,69.60746897,10902.914040000001,,,,3.353041389,,74.217,,,,,,,,,,0.993281463,3347316.0,377.162,,,,,,,,30560478202.0,,-2.211604087,,68.7042,1.6471945430000001,,46.0,51.0,53.0,0.0,8.0,116.0,90.0,24.0,14.0,0.0,402.0,57.42857142857143
164,Qatar,Asia - Western,Asia,Middle East & North Africa,1984,[1984],5.090595341,25.31202,27.217470000000002,,5.132000000000001,36.44289451,-10.0,15.92342293,,37.09999847,,,,,,,49067.6896,,,24.3,,,73.904,,,,,,,,,2.64964757,9.87704175,338365.0,30.76,,95.93799999999999,,,,,,,,,,89.9526,10.04104023,12331.0,0.0,153.0,113.0,151.0,0.0,0.0,13.0,28.0,135.0,103.0,696.0,99.42857142857143
165,Romania,Europe - Eastern,Europe,Europe & Central Asia,1984,[1984],65.08639403,24.78878,25.44407,0.0,2.17699115,8.365882792999999,-8.0,2.856939637,,81.90000153,,2128.045622,,,,,9855.445875,,,30.7,0.251422392,,69.667,,,,,1.7238999609999999,,,,0.6193462989999999,0.296830368,22622239.0,94.896,,,,213.09816940000002,,,56.12,48212873920.0,,,,48.9268,1.767320961,189255.0,36.0,18.0,45.0,134.0,0.0,0.0,94.0,67.0,72.0,148.0,614.0,87.71428571428571
166,Russian Federation,Europe - Eastern,Europe,Europe & Central Asia,1984,[1984],,24.98785,26.693170000000002,0.0,2.11,,-7.0,,,92.19999695,,,,,,,12130.31967,,,25.5,,,67.67,,,,,,,,,,0.757352968,142609801.0,8.352,,,,,,,,,,,15.657160000000001,71.4886,1.366856001,,0.0,0.0,40.0,122.0,0.0,0.0,84.0,87.0,178.0,0.0,511.0,127.75
167,Rwanda,Africa - Eastern,Africa,Sub-Saharan Africa,1984,[1984],73.2873936,21.78135,20.82125,0.0,8.355,0.108261496,-7.0,,12.63143363,94.5,,253.9171006,,,,19.66425935,840.8391617999998,,,99.4,16.85668928,,47.148999999999994,,,,,,,,,,3.3008053569999998,5859270.0,222.46400000000003,,90.881,,,,,,1490764343.0,,-7.032825715,,4.9898,4.656703616000001,634.3333332999999,103.0,11.0,186.0,122.0,109.0,26.0,202.0,168.0,32.0,46.0,1005.0,111.66666666666667
168,Saint Helena,Africa - Western,Africa,Sub-Saharan Africa,1984,[1984],,,,,,,,,,,,,,,,,2089.460989,,,,,,,,,,,,,,,,,5602.0,,,,,,,,,,,,,,,,0.0,0.0,0.0,0.0,0.0,0.0,167.0,0.0,0.0,0.0,167.0,167.0
169,Saint Kitts and Nevis,America - Central,Central and South America,America,1984,[1984],50.0,25.55506,26.976290000000002,,,,,,,,,,,,,83.07773665,5850.367533,,,,,,,,,,,,,,,,,42298.0,,,,,,,,,,,-28.02749868,,,,,0.0,56.0,0.0,0.0,0.0,124.0,127.0,0.0,0.0,0.0,307.0,102.33333333333333
170,Saint Lucia,America - Central,Central and South America,America,1984,[1984],32.78688525,22.97072,24.383210000000002,,4.013999999999999,,,,,42.70000076,,,,,,63.295373399999995,5069.071777,,,,,,70.329,,,,,,,,,,,124172.0,,,,,,,,,,,-10.65321457,,,,,0.0,94.0,91.0,0.0,0.0,109.0,136.0,61.0,0.0,0.0,491.0,98.2
171,Saint Vincent and the Grenadines,America - Central,Central and South America,America,1984,[1984],30.76923077,23.27733,24.40498,,3.4389999999999996,,,,,42.70000076,,,,,,82.89139856,3320.729652,,,,,,68.82,,,,,,,,,,,103669.0,,,,,,,,,,,-13.84505357,,,,,0.0,99.0,75.0,0.0,0.0,123.0,151.0,78.0,0.0,0.0,526.0,105.2
172,Saint-Pierre-et-Miquelon,America - North,North America,America,1984,[1984],,,,,,,,,,,,,,,,,,,,,,,,,,,,,,,,,,6079.0,,,,,,,,,,,,,,,,0.0,0.0,0.0,0.0,0.0,0.0,0.0,0.0,0.0,0.0,0.0,-0.0
173,Samoa,Oceania,Oceania,East Asia & Pacific,1984,[1984],31.80212014,26.467270000000003,27.81775,0.0,5.734,0.7264949070000001,,,,56.40000153,,1141.6446720000001,,,,,3345.521965,,,31.2,15.86568006,,61.773,,,,,,,,,,0.215624194,156459.0,55.266000000000005,,,,,,,,178620583.8,,,,21.1946,0.24110562800000002,113.66666670000001,132.0,98.0,129.0,0.0,0.0,0.0,150.0,115.0,100.0,18.0,742.0,123.66666666666667
174,San Marino,Europe - Southern,Europe,Europe & Central Asia,1984,[1984],16.66666667,,,,,,,,,,,17115.363080000003,,,,,23569.02155,,,,10.76190344,,,,,,,2.165999889,,,,,1.161505129,22515.0,369.098,,,,,,,,385352399.6,,,,86.87899999999999,2.800106075,,127.0,128.0,0.0,0.0,0.0,0.0,53.0,0.0,15.0,0.0,323.0,80.75
175,Sao Tome and Principe,Africa - Central,Africa,Sub-Saharan Africa,1984,[1984],38.54166667,21.4642,21.82631,0.0,6.077999999999999,0.503766802,,,,47.79999924,,,,,,,1513.796659,,,62.5,,,60.843,,,,,,,,,,1.719325143,101899.0,105.704,,,,,,,,,,,,37.1356,4.209713916,51.33333333,0.0,83.0,135.0,0.0,0.0,0.0,183.0,120.0,64.0,11.0,596.0,119.2
176,Saudi Arabia,Asia - Western,Asia,Middle East & North Africa,1984,[1984],42.99364094,25.51095,26.917959999999997,,6.806,12.414297300000001,-10.0,3.64408634,34.61793648,20.5,,10146.83402,,,,45.34823693,26815.58998,,,56.0,-2.566045706,,65.946,,,,,,,,,3.6670983589999997,5.788071351,12542098.0,5.834,,,,1341.804144,,,,127000000000.0,,-10.73030045,,71.2896,7.7104966489999995,155701.3333,20.0,73.0,160.0,151.0,50.0,85.0,44.0,98.0,185.0,146.0,1012.0,101.2
177,Senegal,Africa - Western,Africa,Sub-Saharan Africa,1984,[1984],45.89934036,20.464489999999998,21.6891,0.0,7.16,0.546489441,-1.0,0.26756463399999997,33.98124925,67.69999695,,492.0441587,,,,49.18998716,1395.705742,,,83.9,7.791238944,,52.946000000000005,,,,,,,,,,2.898835333,6051962.0,30.764,,63.59,,15.89996321,,,,2985610845.0,,-15.20873791,,37.193000000000005,3.860615002,3307.333333,86.0,66.0,176.0,52.0,52.0,89.0,189.0,152.0,134.0,80.0,1076.0,119.55555555555556
178,Serbia,Europe - Southern,Europe,Europe & Central Asia,1984,[1984],,25.755489999999998,26.19215,,2.309,,-5.0,,,,,,,,,,15526.098119999999,,,34.6,,,70.498,,,,,,,,,,0.28080515899999997,9215339.0,104.292,,,,,,,,,,,,47.902,,,0.0,0.0,50.0,63.0,0.0,0.0,71.0,57.0,65.0,0.0,306.0,61.2
179,Seychelles,Africa - Eastern,Africa,Sub-Saharan Africa,1984,[1984],13.04347826,22.555429999999998,25.04393,0.0,3.307,1.4975721180000001,,,65.95824361,,,4067.235286,,,,62.65330962,9106.193127,,,18.9,2.930443359,,70.71300000000001,,,,,,,,,,0.8027034740000001,66107.0,145.29,,,,,,,,272105407.2,,3.304933995,,49.3068,0.772691885,99.0,129.0,136.0,73.0,0.0,10.0,107.0,99.0,54.0,50.0,17.0,675.0,84.375
180,Sierra Leone,Africa - Western,Africa,Sub-Saharan Africa,1984,[1984],38.59257191,21.53877,21.64971,0.0,6.945,0.17838965699999998,-7.0,,10.62465666,83.5,,295.4598754,,,,12.40520256,1402.520466,,,160.0,39.76725934,,40.616,,,,,0.074699998,,,,,2.3278217359999998,3453115.0,48.13399999999999,,59.928000000000004,,,,,,1020256928.0,,-1.7805459080000001,,31.0762,3.926309217,616.0,112.0,82.0,166.0,122.0,116.0,10.0,188.0,184.0,109.0,44.0,1133.0,125.88888888888889
181,Singapore,Asia - South Eastern,Asia,East Asia & Pacific,1984,[1984],8.955223881,22.82848,23.483320000000003,,1.62,12.618127699999999,-2.0,2.455683016,157.4029387,48.0,,11717.812609999999,,,2.529999971,157.59965290000002,17312.22271,,,9.4,0.582371771,,73.497,,,,,,2.80377,3.916275,1.724378,4.496102886,1.884408245,2646959.0,3875.489,,,,487.0928959,7.32642,,,32013064064.0,,-0.196714198,13.97819,100.0,1.884408245,33399.66667,45.0,144.0,10.0,54.0,1.0,132.0,68.0,32.0,3.0,119.0,608.0,60.8
182,Slovak Republic,Europe - Eastern,Europe,Europe & Central Asia,1984,[1984],,25.69851,26.18809,0.0,2.246,,-7.0,3.933968872,,95.09999847,,4953.525361999999,,,,,11735.03758,,,20.4,,,70.73,,,,,,,,,1.216839938,0.68746266,5110779.0,104.23100000000001,,,,542.3261154,,,50.108000000000004,25397205025.0,,,,53.6684,1.637771789,,48.0,0.0,46.0,122.0,0.0,0.0,86.0,53.0,66.0,0.0,421.0,84.2
183,Slovenia,Europe - Southern,Europe,Europe & Central Asia,1984,[1984],,25.85281,26.36901,0.0,1.794,,-5.0,,,84.0,,,,,,,18272.76075,,,13.0,,,71.34,,,,,1.861099958,,,,,0.5102132629999999,1874446.0,92.538,,,,,,,42.576,,,,,49.273,1.1352216590000002,,0.0,0.0,18.0,63.0,0.0,0.0,66.0,45.0,74.0,0.0,266.0,66.5
184,Solomon Islands,Oceania,Oceania,East Asia & Pacific,1984,[1984],2.286530904,24.453879999999998,24.547810000000002,0.0,6.349,0.548167854,7.0,,38.10559006,67.5,,,,,,56.05590062,1579.086654,,,35.4,,,57.705,,,,,,,,,,3.118238973,260869.0,9.027999999999999,,,,,,,,,,-17.95031056,,12.0616,6.245835822999999,143.0,0.0,159.0,145.0,38.0,41.0,99.0,179.0,135.0,174.0,20.0,990.0,123.75
185,Somalia,Africa - Eastern,Africa,Sub-Saharan Africa,1984,[1984],70.16928619,21.05783,21.04014,0.0,7.112,0.11137618099999999,-7.0,,14.58875358,52.59999847,,,,,,61.07956252,1037.585015,,,113.2,71.67052001,,46.001000000000005,,,,,0.071400002,,,,,-1.5684449919999999,6419685.0,10.068,,54.316,,,,,,,,-46.49080894,,27.8062,-0.6260985020000001,715.0,0.0,14.0,173.0,122.0,100.0,104.0,200.0,171.0,172.0,49.0,1105.0,138.125
186,South Africa,Africa - Southern,Africa,Sub-Saharan Africa,1984,[1984],77.85042035,23.2704,27.163490000000003,0.0,4.402,9.809658408999999,4.0,2.832522568,25.47384911,57.70000076,,3389.6416270000004,,,,23.65713059,8389.869422,,,56.6,11.51967115,,59.31,,,,,,,,,0.44862605899999997,2.5947507969999997,32204995.0,26.375,,,,473.1184789,,,,103000000000.0,,1.816718514,,49.1826,2.980589741,315920.0,23.0,5.0,98.0,46.0,74.0,37.0,108.0,128.0,142.0,152.0,813.0,90.33333333333333
187,South Sudan,Africa - Eastern,Africa,Sub-Saharan Africa,1984,[1984],,,,,6.806,,,,,,,,,,,,1669.143267,,,165.6,,,40.008,,,,,,,,,,2.9098497830000003,4681151.0,,,,,,,,,,,,,9.579,5.715305567000001,,0.0,0.0,160.0,0.0,0.0,0.0,175.0,185.0,0.0,0.0,520.0,173.33333333333334
188,Spain,Europe - Southern,Europe,Europe & Central Asia,1984,[1984],61.32468365,25.43313,25.22648,,1.7280000000000002,5.188722823,10.0,1.815877916,21.84694594,34.09999847,,9023.888526,,,4.4499998089999995,19.73888255,14342.730309999999,,,11.9,10.86473367,,76.46,,,10.5,,,1.1822190000000001,1.979805,0.4000666,1.167948422,0.40875436,38339878.0,75.77199999999999,,101.73899999999999,,611.7954519,4.38141,,18.942,345000000000.0,,2.108063382,13.95614,73.9282,0.794736966,198935.0,10.0,27.0,15.0,23.0,85.0,28.0,77.0,5.0,86.0,149.0,505.0,50.5
189,Sri Lanka,Asia - Southern,Asia,South Asia,1984,[1984],36.85217669,20.59544,21.29937,0.0,3.012,0.23533062,5.0,0.324694802,28.804001399999997,44.20000076,,506.31943590000003,,,0.25,34.74366813,1771.429096,,,28.0,20.30050522,,69.087,,,,,,6.348057,10.90288,1.561512,,1.199240678,15986020.0,243.65200000000002,,101.929,,47.32028123,74.18094,,,7900102158.0,,-5.939666722999999,7.687741,18.143,0.326687468,3762.0,63.0,88.0,66.0,43.0,62.0,68.0,173.0,76.0,25.0,84.0,748.0,83.11111111111111
190,Sudan,Africa - Northern,Africa,Sub-Saharan Africa,1984,[1984],46.56776094,20.8473,21.04655,0.0,6.535,0.19261151699999998,-7.0,0.39699937,8.458315847,31.70000076,,264.16766459999997,,,,16.46824082,1660.5060449999999,,,84.8,33.63632109,,54.641000000000005,,,,,0.096199997,,,,,3.109030735,18198981.0,9.131,,71.607,,23.16027544,,,,6097861523.0,,-8.009924974,,22.3414,5.876178327000001,3505.333333,70.0,63.0,152.0,122.0,119.0,20.0,177.0,145.0,173.0,83.0,1124.0,124.88888888888889
191,Suriname,America - South,Central and South America,America,1984,[1984],0.493589744,23.52685,25.08308,0.0,3.471,4.174744942,-6.0,,43.36052769,42.40000153,,2283.224449,,,,48.78204377,5518.3013439999995,,,54.5,1.700679796,,66.758,,,,,0.790899992,,,,,0.7049532009999999,372398.0,2.273,,,,,,,,850268218.4,,-5.421516085,,57.0256,1.596941839,1554.666667,115.0,166.0,76.0,73.0,33.0,88.0,131.0,94.0,195.0,64.0,1035.0,115.0
192,Swaziland,Africa - Southern,Africa,Sub-Saharan Africa,1984,[1984],73.77906977,21.52619,26.23323,0.0,6.459,0.49044033299999995,-10.0,,55.50376727,71.0,,861.2101876,,,,92.74845378,3725.861208,,,66.2,11.06496265,,56.913999999999994,,,,,,,,,,3.253243602,680341.0,39.181,,,,,,,,585916600.3,,-37.24468651,,21.0124,7.093339807,333.6666667,121.0,10.0,151.0,151.0,21.0,127.0,145.0,136.0,120.0,29.0,1011.0,112.33333333333333
193,Sweden,Europe - Northern,Europe,Europe & Central Asia,1984,[1984],8.800019496,24.866889999999998,24.472820000000002,0.6949586040000001,1.6580000000000001,6.879306991,10.0,5.21625146,36.90690748,88.30000305,,20808.10527,,,9.100000381000001,32.76296774,21928.84808,,,6.5,7.557949949,,76.92,,,0.400000006,,2.6,1.099291,1.365824,0.8345870000000001,2.099971608,0.090869615,8333446.0,18.52,,106.117,,4041.064224,16.97179,,12.0,173000000000.0,,4.143939737,9.117846,83.0974,0.09399852199999999,57328.333329999994,17.0,145.0,12.0,23.0,46.0,61.0,55.0,3.0,153.0,131.0,646.0,64.6
194,Switzerland,Europe - Western,Europe,Europe & Central Asia,1984,[1984],50.525,25.246,23.771079999999998,0.0,1.535,6.105218106000001,10.0,3.239369965,36.5440469,57.0,,29758.31714,,,9.520000458,35.72791125,29128.188960000003,,,7.4,3.759637938,,76.82,,,,,2.6,0.9358190000000001,1.151556,0.7476833,1.8428965019999999,0.359111652,6415987.0,155.411,,94.53299999999999,,1745.268365,23.03047,,7.513999999999999,188000000000.0,,1.5461053980000001,15.65114,63.5848,2.948300485,39171.0,16.0,55.0,8.0,23.0,47.0,72.0,40.0,4.0,47.0,121.0,433.0,48.111111111111114
195,Taiwan,Asia - Eastern,Asia,East Asia & Pacific,1984,[1984],,22.70801,22.53605,,2.055,4.45426121,-7.0,,,,,,,,1.4600000380000002,,9352.63795,,,7.0,,,72.75,,,,,,,,,0.8977624059999999,,19083000.0,,,,,493.3984603,,,23.0,,,,,,,85000.66667,0.0,0.0,33.0,122.0,0.0,0.0,97.0,36.0,0.0,135.0,423.0,84.6
196,Tajikistan,Asia - Central,Asia,Europe & Central Asia,1984,[1984],,24.275389999999998,24.34917,0.0,5.51,,-7.0,,,89.80000305,,,,,,,3849.3743640000002,,,95.1,,,63.245,,,,,,,,,,2.943983907,4429847.0,30.956,,,,,,,,,,,,33.4458,2.315688366,,0.0,0.0,122.0,122.0,0.0,0.0,144.0,108.0,133.0,0.0,629.0,157.25
197,Thailand,Asia - South Eastern,Asia,East Asia & Pacific,1984,[1984],39.24719607,20.65286,21.90757,0.0,2.707,0.8951327090000001,2.0,0.444297615,21.90138334,85.90000153,,904.4130073999999,,,,26.16788251,2581.974657,,,40.6,1.447869426,,67.028,,,,,0.159999996,,,,0.226852213,1.900094669,51346204.0,100.068,,,,93.65719222,,,,46438174779.0,,-4.266499177,,27.8342,2.841488724,45961.66667,37.0,81.0,60.0,48.0,83.0,44.0,158.0,92.0,68.0,125.0,796.0,88.44444444444444
198,Timor-Leste,Asia - South Eastern,Asia,East Asia & Pacific,1984,[1984],19.43510424,19.98943,19.85139,,5.324,,,,,57.70000076,,,,,,,1829.712042,,,163.5,,,41.912,,,,,,,,,,3.527568467,639513.0,42.995,,,,,,,,,,,,18.147000000000002,5.8466422389999995,,0.0,122.0,120.0,0.0,0.0,0.0,170.0,181.0,114.0,0.0,707.0,141.4
199,Togo,Africa - Western,Africa,Sub-Saharan Africa,1984,[1984],56.71998529,20.96319,20.51905,0.0,6.957000000000001,0.19920499100000003,-7.0,0.31672382600000004,51.24282926,56.90000153,,285.9872459,,,,53.34607958,1221.053455,,,97.4,1.879445302,,54.276,,,,,0.117399998,,,,,3.5375638780000003,3055479.0,53.808,,57.063,,33.49856317,,,,873823475.7,,-2.103250318,,26.1822,4.998791848,608.6666667000001,114.0,41.0,167.0,122.0,26.0,95.0,195.0,147.0,102.0,43.0,1052.0,116.88888888888889
200,Tokelau,Oceania,Oceania,East Asia & Pacific,1984,[1984],,,,,,,,,,,,,,,,,,,,,,,,,,,,,,,,,,1694.0,141.167,,,,,,,,,,,,,,,0.0,0.0,0.0,0.0,0.0,0.0,0.0,0.0,53.0,0.0,53.0,53.0
201,Tonga,Oceania,Oceania,East Asia & Pacific,1984,[1984],45.83333333,27.05085,28.29938,0.0,5.266,0.5080163560000001,,,26.60802338,17.39999962,,1400.902881,,,,62.95502042,3626.125858,,,22.6,6.51437912,,68.47800000000001,,,,,,,,,,0.067165972,93829.0,144.352,,101.685,,,,,,131445316.4,,-36.34699704,,22.0452,1.082958565,47.66666667,137.0,68.0,117.0,0.0,68.0,108.0,147.0,82.0,51.0,9.0,787.0,98.375
202,Trinidad and Tobago,America - Central,Central and South America,America,1984,[1984],14.42495127,25.07835,26.490879999999997,0.0,3.1510000000000002,15.15657064,9.0,4.138295278999999,32.13142096,54.59999847,,6028.606869,,,,33.75109937,8647.690186,,,32.7,5.510807496,,67.428,,,,,1.043300033,5.983555,8.802029,3.200459,,1.6430101380000002,1156858.0,225.50799999999998,,100.87700000000001,,713.7771399000001,12.63335,,,6974242086.0,,-1.619678416,20.14339,9.8502,-0.895013994,17534.0,69.0,135.0,70.0,27.0,56.0,66.0,104.0,89.0,29.0,104.0,749.0,83.22222222222223
203,Tunisia,Africa - Northern,Africa,Middle East & North Africa,1984,[1984],57.27342945,22.53428,25.07399,0.0,4.645,1.614548885,-8.0,0.567394611,32.96269727,19.5,,1575.2492550000002,,,,44.32817666,3693.062361,,,54.4,6.9812023089999995,,65.214,48.19070196,74.28412226,,,,,,,,1.9704859540000002,7151430.0,43.71,,76.571,,90.34923927,,,,11093771860.0,,-11.36547938,,53.185,3.207778972,11546.33333,57.0,38.0,105.0,134.0,54.0,83.0,146.0,102.0,113.0,102.0,934.0,103.77777777777777
204,Turkey,Asia - Western,Asia,Europe & Central Asia,1984,[1984],48.87153567,23.94047,26.39637,0.0,3.844,1.980700064,7.0,0.767442967,15.60671624,27.60000038,,2818.239598,,,,19.67341556,4784.94986,,,74.1,48.23683253,,61.113,,,,,0.7,,,,0.351153051,2.247846523,48360679.0,61.718999999999994,,77.291,,86.88986044,,,,136000000000.0,,-4.066699311,,50.7144,5.725997457999999,95788.0,19.0,57.0,87.0,38.0,97.0,27.0,137.0,119.0,96.0,139.0,816.0,90.66666666666667
205,Turkmenistan,Asia - Central,Asia,Europe & Central Asia,1984,[1984],,24.48779,24.18802,0.0,4.718,,-7.0,,,86.80000305,,,,,,,5781.666768,,,83.8,,,62.18899999999999,,,,,,,,,,2.421619479,3151262.0,6.456,,,,,,,,,,,,46.1964,1.94566051,,0.0,0.0,106.0,122.0,0.0,0.0,128.0,114.0,183.0,0.0,653.0,163.25
206,Turks and Caicos Islands,America - Central,Central and South America,America,1984,[1984],1.052631579,,,,,,,,,,,,,,,,12375.93082,,,,,,,,,,,,,,,,4.796596566,9096.0,21.153000000000002,,,,,,,,,,,,63.403,8.06049132,,0.0,164.0,0.0,0.0,0.0,0.0,82.0,0.0,149.0,0.0,395.0,131.66666666666666
207,Tuvalu,Oceania,Oceania,East Asia & Pacific,1984,[1984],66.66666667,,,0.0,,,,,,,,,,,,,2619.222424,,,48.5,,,,,,,,,,,,,1.463152946,8537.0,328.346,,,,,,,,,,,,33.3652,4.1538927889999995,,0.0,16.0,0.0,0.0,0.0,0.0,156.0,0.0,18.0,0.0,190.0,95.0
208,Uganda,Africa - Eastern,Africa,Sub-Saharan Africa,1984,[1984],57.55467694,21.363120000000002,20.58863,0.0,7.103,0.040726255,3.0,,12.69242258,87.80000305,,185.9159382,,,,14.32515675,630.5232014999999,,,115.2,25.27681023,,49.352,,,,,0.04410000099999999,,,,,3.185343876,14315090.0,59.388999999999996,,,,,,,,2661403388.0,,-1.632734172,,8.8284,6.919652651,583.0,89.0,35.0,172.0,47.0,108.0,15.0,206.0,160.0,97.0,41.0,970.0,107.77777777777777
209,Ukraine,Europe - Eastern,Europe,Europe & Central Asia,1984,[1984],,24.9525,26.3347,0.0,2.041,,-7.0,,,92.30000305,,,,,,,7703.998431,,,20.1,,,69.57,,,,,3.9091999530000003,,,,,0.37505719200000004,50769702.0,84.098,,,,,,,51.476000000000006,,,,,64.0834,1.31196731,,0.0,0.0,31.0,122.0,0.0,0.0,112.0,69.0,80.0,0.0,414.0,103.5
210,United Arab Emirates,Asia - Western,Asia,Middle East & North Africa,1984,[1984],2.775119617,25.51162,27.6941,0.385923488,5.141,36.2707615,-8.0,9.442020782,,24.60000038,,47169.815780000004,,,,,41475.71132,,,21.1,-6.0974672,,69.383,,,,,0.953199983,,,,4.5066105819999995,4.968027177,1279010.0,15.299000000000001,,97.605,,3366.50871,,,,60330666087.0,,,,79.9852,4.7417414860000004,46390.66667,31.0,157.0,114.0,134.0,0.0,0.0,23.0,73.0,162.0,126.0,820.0,102.5
211,United Kingdom,Europe - Western,Europe,Europe & Central Asia,1984,[1984],75.2366387,25.00774,24.57154,0.0,1.796,9.37840835,10.0,3.3666877210000004,28.32928681,66.80000305,,16707.75076,,,5.989999771,28.11953454,19309.6655,,,10.0,4.5764055919999995,,74.83,,,4.900000095,,1.4,0.9109018,1.128847,0.687187,1.5878302869999998,0.158261863,56436762.0,232.34599999999998,,101.47200000000001,,1486.181198,6.184602,,27.6,908000000000.0,,0.20975226800000002,9.661904,78.4082,0.135052699,529287.0,5.0,9.0,19.0,23.0,65.0,50.0,61.0,15.0,28.0,159.0,434.0,48.22222222222222
212,United States of America,America - North,North America,America,1984,[1984],47.10130845,25.9069,25.52017,0.038359379,1.7919999999999998,18.718705399999997,10.0,7.443204757999999,7.753050968999999,68.19999695,,24554.40288,,,12.27000046,10.38611424,29785.254189999996,,,10.9,3.755696957,,74.81,,,0.8999999759999999,,,8.002052,12.32158,3.827373,3.028862409,0.8658172820000001,238794274.0,24.799,,99.399,,3290.880468,13.382029999999999,,49.426,5790000000000.0,,-2.633063276,18.3195,74.3428,1.069406609,4469919.666999999,1.0,59.0,17.0,23.0,121.0,6.0,38.0,16.0,145.0,163.0,589.0,58.9
213,Uruguay,America - South,Central and South America,America,1984,[1984],85.27025483,24.49525,23.649829999999998,0.0,2.546,1.1533875,-7.0,0.6730799959999999,26.58062089,58.79999924,,4450.496128,,,,21.37545371,6366.469352,,,26.5,56.34959964,,71.343,,,,,1.925699949,2.576359,4.276851000000001,0.9923419,,0.643689881,2991478.0,17.093,,,,461.2720658,7.228738000000001,,,13313561256.0,,5.205167173,8.895536,86.834,1.059135813,3450.333333,52.0,1.0,57.0,122.0,69.0,30.0,123.0,44.0,155.0,82.0,735.0,81.66666666666667
214,Uzbekistan,Asia - Central,Asia,Europe & Central Asia,1984,[1984],,24.6689,24.3106,0.0,4.6160000000000005,,-7.0,,,90.09999847,,,,,,,2166.406137,,,71.6,,,66.736,,,,,,,,,,2.600504714,17715706.0,39.597,,,,,,,,,,,,40.734,2.5710257309999998,,0.0,0.0,104.0,122.0,0.0,0.0,165.0,95.0,119.0,0.0,605.0,151.25
215,Vanuatu,Oceania,Oceania,East Asia & Pacific,1984,[1984],11.07465135,23.75134,23.70879,0.0,5.282,0.432740348,,,57.67600922,84.30000305,,1402.7443759999999,,,,62.240725600000005,3507.6412229999996,,,40.1,12.166444300000002,,60.467,,,,,,,,,,2.2638813030000002,127097.0,10.427,,,,,,,,178284602.0,,-4.564716378,,16.3256,4.7219338010000005,55.0,133.0,142.0,118.0,0.0,18.0,106.0,149.0,124.0,170.0,13.0,973.0,121.625
216,Venezuela,America - South,Central and South America,America,1984,[1984],24.25032595,24.9844,25.15139,0.0,3.861,5.543785569,9.0,2.357243111,26.81107272,38.70000076,,4923.357322999999,,,,18.778373100000003,9500.515805,,,30.4,14.60903757,,69.285,,,,,1.4357999559999999,,,,1.029471529,2.81022423,16813481.0,18.435,,106.164,,488.76929309999997,,,,83662996974.0,,8.032699616,,81.377,3.4859108080000003,93210.33333,26.0,113.0,88.0,27.0,66.0,23.0,96.0,74.0,154.0,138.0,805.0,89.44444444444444
217,Vietnam,Asia - Southern,Asia,East Asia & Pacific,1984,[1984],21.22953086,19.13046,18.8814,0.0,4.359,0.297641637,-7.0,0.273410517,,83.90000153,,198.52910590000002,,,,,777.0613592,,,42.6,,,68.70100000000001,,,,,,,,,,1.8135900219999999,58959045.0,177.75400000000002,,,,21.10585677,,,,11453473962.0,,,,19.4982,2.136190832,17548.66667,54.0,117.0,97.0,122.0,0.0,0.0,204.0,79.0,43.0,105.0,821.0,117.28571428571429
218,Wallis et Futuna,Oceania,Oceania,East Asia & Pacific,1984,[1984],,,,,,,,,,,,,,,,,2411.670573,,,,,,,,,,,,,,,,,13207.0,66.035,,,,,,,,,,,,,,,0.0,0.0,0.0,0.0,0.0,0.0,161.0,0.0,94.0,0.0,255.0,127.5
219,West Bank and Gaza Strip,Asia - Western,Asia,Middle East & North Africa,1984,[1984],63.62126246,24.655820000000002,25.66677,,6.818,,,,,12.60000038,,,,,,,4631.302084,,,46.9,,,65.32,,,,,,,,,,,1705584.0,283.32,,,,,,,,,,,,64.6504,,,0.0,21.0,162.0,0.0,0.0,0.0,138.0,101.0,23.0,0.0,445.0,89.0
220,Western Sahara,Africa - Northern,Africa,Middle East & North Africa,1984,[1984],,,,,5.08,1.009323604,,,,,,,,,,,,,,,,,53.297,,,,,,,,,,,178007.0,0.669,,,,,,,,,,,,,,179.66666669999998,0.0,0.0,109.0,0.0,0.0,0.0,0.0,151.0,203.0,25.0,488.0,122.0
221,Yemen,Asia - Western,Asia,Middle East & North Africa,1984,[1984],,,,,,0.387489504,,,,,,,,,,,,,,,,,,,,,,,,,,,,,,,,,,,,,,,,,,,2948.0,0.0,0.0,0.0,0.0,0.0,0.0,0.0,0.0,0.0,78.0,78.0,78.0
222,Zambia,Africa - Eastern,Africa,Sub-Saharan Africa,1984,[1984],26.87956523,19.7807,21.55815,0.0,6.865,0.42882035799999996,-9.0,0.734249292,35.07199617,50.70000076,,420.8147785,,,,33.23261196,1279.198766,,,102.5,18.33123063,,49.083,,,,,,,,,,3.196531098,6575403.0,8.737,,,,70.25136779,,,,2751916639.0,,1.8393842130000002,,39.687,3.11593265,2819.666667,88.0,105.0,163.0,144.0,49.0,64.0,194.0,162.0,177.0,75.0,1221.0,135.66666666666666
223,Zimbabwe,Africa - Eastern,Africa,Sub-Saharan Africa,1984,[1984],32.48028952,21.53383,25.23836,0.0,6.435,1.164131788,1.0,0.8118806679999999,20.56113846,76.90000153,,493.3648308,,,,20.80499647,728.3713442000001,,,55.1,-16.5947481,,61.246,,,,,,,,,,3.93519981,8523090.0,21.811999999999998,,89.354,,112.38036159999999,,,,4204992856.0,,-0.243858009,,24.8054,6.419297649,9922.0,81.0,95.0,149.0,49.0,88.0,29.0,205.0,116.0,147.0,101.0,1060.0,117.77777777777777
